Matemātika	Ņūtona_binoms
Matemātika	Analītiskā_ģeometrija
Matemātika	Bāze_(kāpināšana)
Matemātika	Sinuss
Matemātika	Rinda_(matemātika)
Skaitlis	Tukša_summa
Bāze_(kāpināšana)	Logaritms
Līnija	Līklīnijas_kustība
Matemātika	Dekarta_koordinātu_sistēma
Matemātika	Nevienādība
Perpendikuls	Analītiskā_ģeometrija
Skaitlis	Matricu_reizināšana
Polinoms	Algebriska_izteiksme
Vienības_matrica	Elementārā_matrica
Perpendikuls	Dekarta_koordinātu_sistēma
Matemātika	Skalārais_reizinājums
Matemātika	Diferenciālvienādojums
Ģeometrija	Vertikālās_līnijas_tests
Aritmētika	Atņemšana
Pitagora_teorēma	Pitagora_trigonometriskā_identitāte
Matemātika	Asu_rotācija
Matemātika	Logaritms
Kvadrāts_(algebra)	Algebriska_izteiksme
Trigonometrija	Pitagora_trigonometriskā_identitāte
Funkcija	Apgriezta_funkcija
Reizinājums_(matemātika)	Topoloģisko_telpu_reizinājums
Matemātika	Saskaitīšana
Vienādojums	Parametru_vienādojums
Skaitlis	Racionālo_sakņu_teorēma
Vektors_(matemātika_un_fizika)	Vektoru_lauks
Ģeometrija	Daudzstūris
Ģeometrija	Trigonometriskā_aizstāšana
Matemātika	Viendabīgs polinoms
Skaitlis	Algebras_pamatteorēma
Kvadrātmatrica	Minors_(lineārā_algebra)
Ģeometrija	Lineārs_vienādojums
Vesels_skaitlis	Algebriska_izteiksme
Matemātika	Algebriskā_darbība
Matemātika	Trigonometrija
Taisne	Konusa_šķēlums
Funkcija	Racionālā_funkcija
Nevienādība	Lineāra_nevienādība
Līnija	Asimptota
Reizināšana	Binārais_logaritms
Komplekss_skaitlis	Kompleksi_saistītais_skaitlis
Nogrieznis	Sinusu_teorēma
Trigonometriskās_funkcijas	Pitagora_trigonometriskā_identitāte
Ģeometrija	Leņķis
Ģeometrija	Taisnstūris
Reizināšana	Bāze_(kāpināšana)
Taisne	Stāvums
Matemātika	Ekscentricitāte_(matemātika)
Skaitlis	Bāze_(lineārā_algebra)
Galvenā_diagonāle	Elementārā_matrica
Skaitlis	Dalīšana
Matemātika	Topoloģisko_telpu_reizinājums
Vienādojumu_risināšana	Racionālo_sakņu_teorēma
Polinoms	Racionālo_sakņu_teorēma
Polinoms	Algebras_pamatteorēma
Matemātika	Monotonā_funkcija
Kopa	Tukša_kopa
Matemātika	Konusa_šķēlums
Ņūtona_binoms	Binomiālkoeficients
Matemātika	Sinusu_teorēma
Punkts_(ģeometrija)	Sinusu_teorēma
Matrica	Determinants
Skaitlis	Kvadrātvienādojums
Ģeometrija	Lineāru_vienādojumu_sistēma
Skaitlis	Kvadrants_(plakņu_ģeometrija)
Vesels_skaitlis	Polinoms
Skaitlis	Matricas_gredzens
Matemātika	Vienādība_(matemātika)
Vesels_skaitlis	Racionālo_sakņu_teorēma
Matemātika	Stāvums
Aritmētika	Sadalīšana_reizinātājos
Matemātika	Funkcijas_grafiks
Saskaitīšana	Dekarta_zīmju_likums
Plakne_(ģeometrija)	Dekarta_koordinātu_sistēma
Dalīšana	Apgrieztais_reizinātājs
Ģeometrija	Punkts_(ģeometrija)
Matemātika	Ģeometriskā_sērija
Matemātika	Funkcijas_vērtību_apgabals
Sadalīšana_reizinātājos	Daļējā_frakciju_sadalīšana
Skaitlis	Reālā_līnija
Polinoma_pakāpe	Polinomu_dalīšana
Reizināšana	Algebriska_izteiksme
Matemātika	Polinoms
Bāze_(kāpināšana)	Decimāllogaritms
Matemātika	Naturālais_logaritms
Dalīšana	Polinomu_dalīšana
Taisne	Trigonometriskā_riņķa_līnija
Matemātika	Eksponenciālā_funkcija
Matemātika	Aritmētika
Ģeometrija	Rādiuss
Matemātika	Taisnleņķis
Ģeometrija	Sfēriskā_kosinusu_teorēma
Matemātika	Binoms
Algebra	Lineāra_nevienādība
Matemātika	Decimāllogaritms
Funkcija	Nepārtraukta_funkcija
Matemātika	Mereoloģija
Sinuss	Sinusoidāls_vilnis
Aritmētika	Dekarta_zīmju_likums
Matemātika	Trijstūru_risināšana
Aritmētika	Eksponenciālā_augšana
Punkts_(ģeometrija)	Trijstūru_risināšana
Matemātika	Matemātisks_pierādījums
Ģeometrija	Fokuss_(ģeometrija)
Matemātika	Attēls_(matemātika)
Taisne	Sektors
Funkcija	Periodiska_funkcija
Ģeometrija	Taisne
Kvadrātmatrica	Vienības_matrica
Matemātika	Dalīšana_ar_nulli
Taisne	Konuss
Matemātika	Kubiska_funkcija
Kāpināšana	Eksponenciālā_augšana
Vektors_(matemātika_un_fizika)	Skalārs_(matemātika)
Ģeometrija	Rotācija_(matemātika)
Matemātika	Kvadrātfunkcija
Spēks	Darbs_(fizika)
Zīme_(matemātika)	Absolūtā_vērtība
Skaitlis	Vektoriālais_reizinājums
Vienādojums	Racionālo_sakņu_teorēma
Reizināšana	Polinoms
Matemātika	Perpendikuls
Plakne_(ģeometrija)	Polārā_koordinātu_sistēma
Matemātika	Lineāra_funkcija
Reāls_skaitlis	Absolūtā_vērtība
Reizināšana	Racionālo_sakņu_teorēma
Matemātika	Robeža_(matemātika)
Ģeometrija	Trigonometriskā_riņķa_līnija
Matemātika	Funkcija
Matemātika	Koordinātu_sistēma
Vienādība_(matemātika)	Vienlaicīgi_vienādojumi
Skaitlis	Daļējā_frakciju_sadalīšana
Aritmētika	Reizināšana
Matemātika	Kompleksā_plakne
Reizināšana	Decimāllogaritms
Matemātika	Sintētiskā_dalīšana
Vienādība_(matemātika)	Algebrisks_vienādojums
Aritmētika	Binārais_logaritms
Vienādība_(matemātika)	Lineārs_vienādojums
Matemātika	Aritmētiskais_vidējais
Logaritms	Naturālais_logaritms
Trigonometrija	Sinuss
Matemātika	Pāra_un_nepāra_funkcijas
Saskaitīšana	Summa
Rēķini	Funkcijas_robeža
Rinda_(matemātika)	Ģeometriskā_sērija
Polinomu_dalīšana	Sintētiskā_dalīšana
Dalīšana	Dalīšana_ar_nulli
Matemātika	Trigonometriskās_tabulas
Funkcija	Funkciju_kompozīcija
Punkts_(ģeometrija)	Koordinātu_sākuma_punkts
Matemātika	Koordinātu_sākuma_punkts
Funkcijas_vērtību_apgabals	Funkcijas_nulle
Kāpināšana	Binārais_logaritms
Taisne	EDGE_(nozīmju_atdalīšana)
Rēķini	Lineāra_nevienādība
Ģeometrija	Konuss
Logaritms	Decimāllogaritms
Vesels_skaitlis	Kvadrātvienādojuma_sakņu_formula
Vienādojums	Kvadrātvienādojums
Vektoru_telpa	Skalāra_reizināšana
Polinoms	Daļējā_frakciju_sadalīšana
Saskaitīšana	Algebriska_izteiksme
Vienādība_(matemātika)	Vienādojums
Ģeometrija	Orientācija_(ģeometrija)
Līnija	Ekscentricitāte_(matemātika)
Aritmētika	Summa
Matrica	Trijstūra_matrica
Skaitlis	Summēt
Skaitlis	Binārā_skaitīšanas_sistēma
Matemātika	Riņķa_līnija
Summa	Tukša_summa
Vienādība_(matemātika)	Lineāru_vienādojumu_sistēma
Matemātika	Kvadrātvienādojuma_sakņu_formula
Vesels_skaitlis	Daļējā_frakciju_sadalīšana
Riņķa_līnija	Trigonometriskā_riņķa_līnija
Saskaitīšana	Tukša_summa
Skaitlis	Parametru_vienādojums
Kvadrāts_(algebra)	Kvadrātsakne
Skaitlis	Kvadrāts_(algebra)
Binoms	Ņūtona_binoms
Skaitlis	Ņūtona_binoms
Skaitlis	Analītiskā_ģeometrija
Skaitlis	Bāze_(kāpināšana)
Skaitlis	Nevienādība
Ģeometrija	EDGE_(nozīmju_atdalīšana)
Trigonometrija	Sinusu_teorēma
Saskaitīšana	Polinoma_pakāpe
Matemātika	Konstanta_funkcija
Taisne	Plaknes_līkne
Skaitlis	Skalārais_reizinājums
Riņķa_līnija	Konuss
Skaitlis	Diferenciālvienādojums
Saskaitīšana	Racionālo_sakņu_teorēma
Matemātika	Reizinājums_(matemātika)
Skaitlis	Asu_rotācija
Skaitlis	Logaritms
Matemātika	Kāpināšana
Saskaitīšana	Algebras_pamatteorēma
Aritmētika	Tukša_summa
Matemātika	Grāds_(leņķis)
Matemātika	Kvadrātsakne
Matrica	Galvenā_diagonāle
Leņķis	Trijstūris
Matemātika	Pitagora_teorēma
Vienādojums	Kvadrātvienādojuma_sakņu_formula
Skaitlis	Saskaitīšana
Matemātika	Nogrieznis
Polinoms	Ņūtona_binoms
Punkts_(ģeometrija)	Nogrieznis
Skaitlis	Binomiālkoeficients
Binoms	Binomiālkoeficients
Taisne	Sekante
Aritmētika	Matricu_reizināšana
Skaitlis	Viendabīgs polinoms
Reizināšana	Kvadrātvienādojuma_sakņu_formula
Matemātika	Līnija–līnijas_krustojums
Punkts_(ģeometrija)	Līnija–līnijas_krustojums
Skaitlis	Algebriskā_darbība
Reizināšana	Vektoriālais_reizinājums
Taisne	Vertikālās_līnijas_tests
Aritmētika	Polinoma_pakāpe
Determinants	Minors_(lineārā_algebra)
Matrica	Elementārā_matrica
Matemātika	Trijstūra_matrica
Vesels_skaitlis	Ņūtona_binoms
Matemātika	Matemātiskā_formula
Ģeometrija	Plakne_(ģeometrija)
Aritmētika	Racionālo_sakņu_teorēma
Matemātika	Darbība_(matemātika)
Aritmētika	Algebras_pamatteorēma
Taisne	Daudzstūris
Taisne	Lineārs_vienādojums
Reizināšana	Daļējā_frakciju_sadalīšana
Nogrieznis	Daudzstūris
Polinoms	Binomiālkoeficients
Trigonometrija	Trijstūru_risināšana
Skaitlis	Topoloģisko_telpu_reizinājums
Reāls_skaitlis	Nulle_(kompleksā_analīze)
Polinoms	Viendabīgs polinoms
Reizināšana	Reizinājums_(matemātika)
Komplekss_skaitlis	Algebras_pamatteorēma
Reizināšana	Kāpināšana
Saskaitīšana	Matricas_gredzens
Konuss	Konusa_šķēlums
Matemātika	Intervāls_(matemātika)
Līnija	Elipse
Matemātika	Vertikālās_līnijas_tests
Vesels_skaitlis	Binomiālkoeficients
Ģeometrija	Sekante
Vienādība_(matemātika)	Algebras_pamatteorēma
Vesels_skaitlis	Viendabīgs polinoms
Matemātika	Trigonometriskā_aizstāšana
Matemātika	Algebrisks_vienādojums
Funkcija	Funkcijas_grafiks
Vektors_(matemātika_un_fizika)	Vektors
Matemātika	Punktveida_funkcija
Vienādība_(matemātika)	Identitāte_(matemātika)
Taisne	Lineāru_vienādojumu_sistēma
Matemātika	Paplašinātā_reālo_skaitļu_taisne
Skaitlis	Polinoms
Aritmētika	Matricas_gredzens
Skaitlis	Naturālais_logaritms
Matemātika	Leņķis
Matemātika	Taisnstūris
Matemātika	Binomiālkoeficients
Skaitlis	Eksponenciālā_funkcija
Skaitlis	Absolūtā_vērtība
Vesels_skaitlis	Polinomu_dalīšana
Trigonometrija	Trigonometriskās_tabulas
Vienādojums	Analītiskā_ģeometrija
Matemātika	Reizināšana
Koordinātu_sistēma	Kvadrants_(plakņu_ģeometrija)
Skaitlis	Binoms
Reizināšana	Ņūtona_binoms
Skaitlis	Decimāllogaritms
Apgriezta_funkcija	Inversās_trigonometriskās_funkcijas
Sinuss	Inversās_trigonometriskās_funkcijas
Matemātika	Vienādojums
Vienādojums	Nevienādība
Matemātika	Apgrieztais_reizinātājs
Vienādība_(matemātika)	Vienādojumu_risināšana
Matemātika	Grīdas_un_griestu_funkcijas
Skaitlis	Dalīšana_ar_nulli
Vienādojums	Diferenciālvienādojums
Matemātika	Lineāru_vienādojumu_sistēma
Matemātika	Polinomu_dalīšana
Reizināšana	Skalārais_reizinājums
Taisne	Rādiuss
Līnija	Riņķa_līnija
Reizināšana	Logaritms
Nogrieznis	Rādiuss
Ģeometrija	Sinuss
Reāls_skaitlis	Paplašinātā_reālo_skaitļu_taisne
Funkcija	Kvadrātfunkcija
Polinoms	Binoms
Ģeometrija	Dekarta_koordinātu_sistēma
Reizināšana	Binomiālkoeficients
Matemātika	Punkts_(ģeometrija)
Reāls_skaitlis	Imaginārs_skaitlis
Vektors_(matemātika_un_fizika)	Vektoru_telpa
Reizināšana	Viendabīgs polinoms
Matemātika	Pāra_un_nepāra_skaitļi
Taisne	Sinusoidāls_vilnis
Taisne	Horda_(matemātika)
Plakne_(ģeometrija)	Analītiskā_ģeometrija
Skaitlis	Koordinātu_sistēma
Bāze_(kāpināšana)	Naturālais_logaritms
Ģeometrija	Asu_rotācija
Matemātika	Funkcijas_robeža
Aritmētika	Vektoriālais_reizinājums
Skaitlis	Sintētiskā_dalīšana
Vesels_skaitlis	Binoms
Kvadrātmatrica	Elementārā_matrica
Matemātika	Rādiuss
Punkts_(ģeometrija)	Rādiuss
Matemātika	Lineāra_nevienādība
Funkcija	Pāra_un_nepāra_funkcijas
Matemātika	Rēķini
Ģeometrija	Trigonometrija
Matemātika	Fokuss_(ģeometrija)
Matemātika	Skalāra_reizināšana
Reizināšana	Polinomu_dalīšana
Reizināšana	Topoloģisko_telpu_reizinājums
Matemātika	Taisne
Matemātika	Rotācija_(matemātika)
Polinoms	Sintētiskā_dalīšana
Leņķis	Analītiskā_ģeometrija
Sinuss	Sinusu_teorēma
Ģeometrija	Cilindrs_(ģeometrija)
Skaitlis	Reāls_skaitlis
Ģeometrija	Polārā_koordinātu_sistēma
Matrica	Kvadrātmatrica
Ģeometrija	Sinusoidāls_vilnis
Leņķis	Dekarta_koordinātu_sistēma
Ģeometrija	Horda_(matemātika)
Saskaitīšana	Ņūtona_binoms
Rēķini	Rinda_(matemātika)
Skaitlis	Kvadrātvienādojuma_sakņu_formula
Matemātika	Trigonometriskā_riņķa_līnija
Taisne	Trijstūris
Spēks	Vienkārša_harmoniska_kustība
Matemātika	Apgriezta_funkcija
Vesels_skaitlis	Sintētiskā_dalīšana
Galvenā_diagonāle	Vienības_matrica
Reizināšana	Naturālais_logaritms
Reāls_skaitlis	Komplekss_skaitlis
Reizināšana	Eksponenciālā_funkcija
Reizināšana	Skalāra_reizināšana
Matemātika	Polinoma_pakāpe
Matemātisks_pierādījums	Matemātiskā_indukcija
Trigonometrija	Inversās_trigonometriskās_funkcijas
Matemātika	Sektors
Matemātika	Racionālā_funkcija
Trigonometrija	Trigonometriskās_funkcijas
Reizināšana	Binoms
Matemātika	Konuss
Taisne	Līklīnijas_kustība
Skaitlis	Nulle_(kompleksā_analīze)
Polinoms	Kvadrātvienādojuma_sakņu_formula
Skaitlis	Reizinājums_(matemātika)
Saskaitīšana	Viendabīgs polinoms
Skaitlis	Kāpināšana
Matemātika	Identitāte_(matemātika)
Aritmētika	Bāze_(kāpināšana)
Ģeometrija	Līnija
Matrica	Apgriežamā_matrica
Vektors_(matemātika_un_fizika)	Norma_(matemātika)
Skaitlis	Kvadrātsakne
Trigonometriskās_funkcijas	Inversās_trigonometriskās_funkcijas
Algebra	Algebras_pamatteorēma
Skaitlis	Naturāls_skaitlis
Trigonometrija	Trigonometriskā_aizstāšana
Kāpināšana	Bāze_(kāpināšana)
Aritmētika	Skalārais_reizinājums
Taisne	Reālā_līnija
Nogrieznis	EDGE_(nozīmju_atdalīšana)
Ģeometrija	Trijstūru_risināšana
Koordinātu_sistēma	Analītiskā_ģeometrija
Vienādība_(matemātika)	Parametru_vienādojums
Riņķa_līnija	Horda_(matemātika)
Ģeometrija	Trijstūris
Kvadrātmatrica	Determinants
Matemātika	Atņemšana
Koordinātu_sistēma	Dekarta_koordinātu_sistēma
Aritmētika	Saskaitīšana
Leņķis	Sinusu_teorēma
Matemātika	Vienādojumu_risināšana
Vienādība_(matemātika)	Analītiskā_ģeometrija
Aritmētika	Viendabīgs polinoms
Algebra	Bāze_(lineārā_algebra)
Koordinātu_sistēma	Asu_rotācija
Reizināšana	Sintētiskā_dalīšana
Ģeometrija	Elipse
Ģeometrija	Perpendikuls
Funkcija	Pārvēršana_(funkcija)
Matemātika	EDGE_(nozīmju_atdalīšana)
Vienādība_(matemātika)	Diferenciālvienādojums
Punkts_(ģeometrija)	EDGE_(nozīmju_atdalīšana)
Ģeometrija	Kvadrants_(plakņu_ģeometrija)
Funkcijas_grafiks	Vertikālās_līnijas_tests
Daudzstūris	Trijstūris
Ģeometrija	Līklīnijas_kustība
Funkcija	Inversās_trigonometriskās_funkcijas
Līnija	Konusa_šķēlums
Ģeometrija	Pitagora_trigonometriskā_identitāte
Rēķini	Ģeometriskā_sērija
Aritmētika	Algebriska_izteiksme
Kvadrātvienādojums	Kvadrātvienādojuma_sakņu_formula
Skaitlis	E_(matemātiska_konstante)
Vektors_(matemātika_un_fizika)	Skalāra_reizināšana
Matemātika	Injektīvā_funkcija
Matemātika	Nepārtraukta_funkcija
Kāpināšana	Algebriska_izteiksme
Matemātika	Sekvences_robeža
Ģeometrija	Reālā_līnija
Saskaitīšana	Polinoms
Ģeometrija	Trigonometriskās_tabulas
Skaitlis	Algebrisks_vienādojums
Matemātika	Periodiska_funkcija
Vektors	Pozīcija_(vektors)
Plakne_(ģeometrija)	Kompleksā_plakne
Matemātika	Diapazons
Leņķis	Trijstūru_risināšana
Konusa_šķēlums	Ekscentricitāte_(matemātika)
Skaitlis	Paplašinātā_reālo_skaitļu_taisne
Reāls_skaitlis	Kompleksi_saistītais_skaitlis
Funkcija	Punktveida_funkcija
Koordinātu_sistēma	Polārā_koordinātu_sistēma
Skaitlis	Racionāls_skaitlis
Matemātika	Ģeometrija
Ģeometrija	Asimptota
Skaitlis	Imaginārs_skaitlis
Matemātika	Plakne_(ģeometrija)
Matemātika	Sadalīšana_reizinātājos
Matrica	Minors_(lineārā_algebra)
Matemātika	Atkarīgie_un_neatkarīgie_mainīgie
Skaitlis	Reizināšana
Skaitlis	Vienādojums
Skaitlis	Apgrieztais_reizinātājs
Aritmētika	Polinoms
Leņķis	Perpendikuls
Zīme_(matemātika)	Apgrieztais_elements
Matemātika	Plaknes_līkne
Ģeometrija	Riņķa_līnija
Vesels_skaitlis	Dekarta_zīmju_likums
Aritmētika	Eksponenciālā_funkcija
Riņķa_līnija	Līklīnijas_kustība
Matemātika	Funkcijas_nulle
Skaitlis	Grīdas_un_griestu_funkcijas
Robeža_(matemātika)	Funkcijas_robeža
Skaitlis	Lineāru_vienādojumu_sistēma
Skaitlis	Polinomu_dalīšana
Rēķini	Robeža_(matemātika)
Aritmētika	Decimāllogaritms
Ģeometrija	Taisnleņķa_trijstūris
Līnija	Trigonometriskā_riņķa_līnija
Matemātika	Sekante
Kopa	Kopu_pierakstīšanas_forma
E_(matemātiska_konstante)	Naturālais_logaritms
Funkcija	Monotonā_funkcija
Matemātika	Dekarta_zīmju_likums
Matemātika	Eksponenciālā_augšana
Kāpināšana	Decimāllogaritms
Skaitlis	Vesels_skaitlis
Taisne	Paralēlais_(ģeometrija)
Saskaitīšana	Sintētiskā_dalīšana
Vienādība_(matemātika)	Racionālo_sakņu_teorēma
Reizināšana	Sadalīšana_reizinātājos
Aritmētika	Dalīšana
Matemātika	Vienlaicīgi_vienādojumi
Līnija	Sektors
Matemātika	Daudzstūris
Punkts_(ģeometrija)	Daudzstūris
Taisne	Analītiskā_ģeometrija
Matemātika	Lineārs_vienādojums
Polinoms	Polinomu_dalīšana
Līnija	Konuss
Matemātika	Izteiksme_(matemātika)
Ģeometrija	Nogrieznis
Taisne	Dekarta_koordinātu_sistēma
Skaitlis	Lineāra_nevienādība
Funkcija	Funkcijas_vērtību_apgabals
Bāze_(kāpināšana)	Binārais_logaritms
Skaitlis	Skalāra_reizināšana
Skaitlis	Komplekss_skaitlis
Kvadrātsakne	Algebriska_izteiksme
Funkcija	Eksponenciālā_funkcija
Aritmētika	Sintētiskā_dalīšana
Aritmētika	Aritmētiskais_vidējais
Lineāra_funkcija	Lineāra_nevienādība
Dekarta_koordinātu_sistēma	Analītiskā_ģeometrija
Reizināšana	Dekarta_zīmju_likums
Reizināšana	Eksponenciālā_augšana
Matemātika	Binārais_logaritms
Kopa	Atvērtā_kopa
Vienādojums	Vienlaicīgi_vienādojumi
Leņķis	Taisnleņķa_trijstūris
Saskaitīšana	Kvadrātvienādojuma_sakņu_formula
Skalārs_(matemātika)	Skalāra_reizināšana
Vienādība_(matemātika)	Kvadrātvienādojums
Funkcija	Attēls_(matemātika)
Ģeometrija	Paralēlais_(ģeometrija)
Vienādojums	Algebrisks_vienādojums
Vienādojums	Lineārs_vienādojums
Plakne_(ģeometrija)	Plaknes_līkne
Ģeometrija	Inversās_trigonometriskās_funkcijas
Trijstūris	Taisnleņķa_trijstūris
Matrica	Vienības_matrica
Ģeometrija	Trigonometriskās_funkcijas
Funkcija	Kubiska_funkcija
Taisne	Ekscentricitāte_(matemātika)
Ģeometrija	Analītiskā_ģeometrija
Algebra	Kvadrāts_(algebra)
Matrica	Matricu_reizināšana
Saskaitīšana	Daļējā_frakciju_sadalīšana
Racionāls_skaitlis	Racionālo_sakņu_teorēma
Eksponenciālā_funkcija	Eksponenciālā_augšana
Algebra	Nevienādība
Leņķis	Grāds_(leņķis)
Skaitlis	Polinoma_pakāpe
Funkcija	Lineāra_funkcija
Matemātika	Summa
Aritmētika	Kvadrātvienādojuma_sakņu_formula
Nogrieznis	Horda_(matemātika)
Taisne	Sinusu_teorēma
Reizināšana	Apgrieztais_reizinātājs
Matemātika	Sfēriskā_kosinusu_teorēma
Vienādojums	Lineāru_vienādojumu_sistēma
Matemātika	Algebriska_izteiksme
Algebra	Algebriskā_darbība
Polinoms	Polinoma_pakāpe
Aritmētika	Daļējā_frakciju_sadalīšana
Matemātika	Algebra
Matemātika	Cilindrs_(ģeometrija)
Vienādība_(matemātika)	Kvadrātvienādojuma_sakņu_formula
Logaritms	Binārais_logaritms
Matemātika	Polārā_koordinātu_sistēma
Matemātika	Sinusoidāls_vilnis
Aritmētika	Reizinājums_(matemātika)
Punkts_(ģeometrija)	Horda_(matemātika)
Matemātika	Horda_(matemātika)
Aritmētika	Kāpināšana
Ģeometrija	Ekscentricitāte_(matemātika)
Saskaitīšana	Summēt
Skaitlis	Atņemšana
Taisne	Līnija
Matemātika	Matemātisko_simbolu_saraksts
Algebra	Algebriska_izteiksme
Skaitlis	Vienādojumu_risināšana
Komplekss_skaitlis	Nulle_(kompleksā_analīze)
Matemātika	Tukša_summa
Līnija	Plaknes_līkne
Vesels_skaitlis	Polinoma_pakāpe
Kopa	Slēgta_kopa
Skaitlis	Kompleksi_saistītais_skaitlis
Vesels_skaitlis	Algebras_pamatteorēma
Taisne	Trijstūru_risināšana
Matemātika	Matricu_reizināšana
Matrica	Matricas_gredzens
Vienādojums	Lineāra_nevienādība
Ģeometrija	Konusa_šķēlums
Vektoru_telpa	Skalārs_(matemātika)
Ģeometrija	Sinusu_teorēma
Nogrieznis	Trijstūru_risināšana
Racionāls_skaitlis	Reālā_līnija
Līnija	Sekante
Nogrieznis	Trijstūris
Ģeometrija	Stāvums
Aritmētika	Summēt
Leņķis	Taisnstūris
Matemātika	Racionālo_sakņu_teorēma
Matemātika	Līnija
Matemātika	Algebras_pamatteorēma
Taisne	Elipse
Taisne	Perpendikuls
Funkcija	Injektīvā_funkcija
Daudzstūris	Sinusu_teorēma
Saskaitīšana	Binomiālkoeficients
Aritmētika	Ņūtona_binoms
Funkcija	Konstanta_funkcija
Matemātika	Trijstūris
Punkts_(ģeometrija)	Trijstūris
Riņķa_līnija	Ekscentricitāte_(matemātika)
Funkcija	Diapazons
Matemātika	Matemātiskā_analīze
Ģeometrija	Taisnleņķis
Reizināšana	Matricu_reizināšana
Taisnleņķis	Taisnleņķa_trijstūris
Matemātika	Bāze_(lineārā_algebra)
Matemātika	Orientācija_(ģeometrija)
Vektors_(matemātika_un_fizika)	Pozīcija_(vektors)
Matemātika	Dalīšana
Skaitlis	Sadalīšana_reizinātājos
Aritmētika	Logaritms
Funkcija	Atkarīgie_un_neatkarīgie_mainīgie
Matemātika	Elipse
Reizināšana	Polinoma_pakāpe
Riņķa_līnija	Konusa_šķēlums
Vienādojums	Algebras_pamatteorēma
Saskaitīšana	Polinomu_dalīšana
Trigonometriskās_funkcijas	Trigonometriskā_aizstāšana
Reāls_skaitlis	Algebras_pamatteorēma
Matemātika	Kvadrants_(plakņu_ģeometrija)
Aritmētika	Binomiālkoeficients
Matemātika	Kvadrātvienādojums
Matemātika	Līklīnijas_kustība
Reizināšana	Algebras_pamatteorēma
Kāpināšana	Logaritms
Taisne	Asimptota
Matemātika	Matricas_gredzens
Vienādība_(matemātika)	Nevienādība
Skaitlis	Negatīvs_skaitlis
Trijstūris	Sinusu_teorēma
Funkcija	Funkcijas_nulle
Matemātika	Pitagora_trigonometriskā_identitāte
Daudzstūris	Trijstūru_risināšana
Komplekss_skaitlis	Imaginārs_skaitlis
Aritmētika	Apgrieztais_reizinātājs
Matemātika	Reālā_līnija
Skaitlis	Dekarta_zīmju_likums
Taisne	Riņķa_līnija
Skaitlis	Eksponenciālā_augšana
Ģeometrija	Sektors
Ģeometrija	Koordinātu_sistēma
Ģeometrija	Kompleksā_plakne
Funkcija	Vertikālās_līnijas_tests
Funkcija	Eksponenciālā_augšana
Aritmētika	Polinomu_dalīšana
Aritmētika	Topoloģisko_telpu_reizinājums
Reizinājums_(matemātika)	Vektoriālais_reizinājums
Skaitlis	Vienlaicīgi_vienādojumi
Taisne	Taisnleņķa_trijstūris
Matemātika	Asimptota
Vienādojums	Vienādojumu_risināšana
Ģeometrija	Koordinātu_sākuma_punkts
Leņķis	Taisnleņķis
Skaitlis	Lineārs_vienādojums
Matemātika	Matemātiskā_indukcija
Nogrieznis	Taisnleņķa_trijstūris
Saskaitīšana	Binoms
Polinoms	Dekarta_zīmju_likums
Polinoma_pakāpe	Sintētiskā_dalīšana
Trijstūris	Trijstūru_risināšana
Dalīšana	Sintētiskā_dalīšana
Trigonometrija	Sfēriskā_kosinusu_teorēma
Reāls_skaitlis	Reālā_līnija
Matemātika	Vektoriālais_reizinājums
Plakne_(ģeometrija)	Orientācija_(ģeometrija)
Līnija	Sinusoidāls_vilnis
Taisne	Nogrieznis
Līnija	Horda_(matemātika)
Skaitlis	Binārais_logaritms
Matemātika	Taisnleņķa_trijstūris
Punkts_(ģeometrija)	Taisnleņķa_trijstūris
Aritmētika	Naturālais_logaritms
Funkcija	Binārais_logaritms
Aritmētika	Skalāra_reizināšana
Trigonometrija	Sinusoidāls_vilnis
Skaitlis	Dekarta_koordinātu_sistēma
Rēķini	Lineāra_funkcija
Riņķa_līnija	Sektors
Trigonometriskās_funkcijas	Sfēriskā_kosinusu_teorēma
Kāpināšana	Naturālais_logaritms
Matemātika	Daļējā_frakciju_sadalīšana
Aritmētika	Binoms
Kāpināšana	Eksponenciālā_funkcija
Matemātika	Funkciju_kompozīcija
Vienādība_(matemātika)	Lineāra_nevienādība
Aritmētika	Dalīšana_ar_nulli
Skaitlis	Summa
Ģeometrija	Grāds_(leņķis)
Funkcija	Funkcijas_robeža
Daudzstūris	Taisnleņķa_trijstūris
Ģeometrija	Pitagora_teorēma
Algebra	Kvadrātsakne
Konuss	Ekscentricitāte_(matemātika)
Ģeometrija	Līnija–līnijas_krustojums
Funkcija	Lineāra_nevienādība
Reizinājums_(matemātika)	Skalārais_reizinājums
Dalīšana	Daļējā_frakciju_sadalīšana
Skaitlis	Algebriska_izteiksme
Lineārs_vienādojums	Lineāru_vienādojumu_sistēma
Matemātika	Summēt
Matemātika	Pārvēršana_(funkcija)
Attālums	Analītiskā_ģeometrija
Skaitlis	Algebra
Matemātika	Paralēlais_(ģeometrija)
Matemātika	Parametru_vienādojums
Skaitlis	Polārā_koordinātu_sistēma
Matemātika	Inversās_trigonometriskās_funkcijas
Ģeometrija	Plaknes_līkne
Attālums	Dekarta_koordinātu_sistēma
Matemātika	Trigonometriskās_funkcijas
Matemātika	Kvadrāts_(algebra)
Viendabīgs polinoms	Reizināšana
Binārais_logaritms	Dalīšana
Punkts_(ģeometrija)	Matemātika
Nulle_(kompleksā_analīze)	Reāls_skaitlis
Vienādojumu_risināšana	Taisne
Racionālā_funkcija	Funkcija
Algebriskā_darbība	Matemātika
Algebras_pamatteorēma	Vienādība_(matemātika)
Funkcijas_nulle	Matemātika
Leņķis	Ģeometrija
Binoms	Aritmētika
Algebras_pamatteorēma	Polinoms
Dalīšana_ar_nulli	Aritmētika
Funkciju_kompozīcija	Matemātika
Nevienādība	Naturālais_logaritms
Kopu_pierakstīšanas_forma	Racionāls_skaitlis
Vertikālās_līnijas_tests	Funkcija
Reizināšana	Matemātika
Daļējā_frakciju_sadalīšana	Vesels_skaitlis
Matricas_gredzens	Skaitlis
Reāls_skaitlis	Logaritms
Konuss	Perpendikuls
Dalīšana	Racionāls_skaitlis
Funkcijas_grafiks	Kvadrātvienādojums
Reāls_skaitlis	Saskaitīšana
Reizināšana	Saskaitīšana
Perpendikuls	Sinusu_teorēma
Fokuss_(ģeometrija)	Ģeometrija
Skalārais_reizinājums	Skaitlis
Sinuss	Trigonometrija
Algebriska_izteiksme	Komutativitāte
Dalīšana	Grīdas_un_griestu_funkcijas
Monotonā_funkcija	Matemātika
Vienlaicīgi_vienādojumi	Matemātika
Bāze_(lineārā_algebra)	Skaitlis
Rotācija_(matemātika)	Ģeometrija
Sektors	Matemātika
Līklīnijas_kustība	Līnija
Funkcijas_nulle	Polinoms
Matricas_gredzens	Matemātika
Leņķa_minūte_un_sekunde	Grāds_(leņķis)
Funkciju_kompozīcija	Polinoms
Reāls_skaitlis	Polinoms
Algebras_pamatteorēma	Reāls_skaitlis
Algebrisks_vienādojums	Matemātika
Kompleksi_saistītais_skaitlis	Reāls_skaitlis
Matricas_gredzens	Saskaitīšana
Reāls_skaitlis	Eksponenciālā_funkcija
Hiperbola	Pārvēršana_(funkcija)
Apgrieztais_reizinātājs	Polinoma_pakāpe
Trigonometriskā_riņķa_līnija	Taisne
Komplekss_skaitlis	Asociativitāte
Kāpināšana	Asociativitāte
Skalārais_reizinājums	Matemātika
Racionāls_skaitlis	Kāpināšana
Sintētiskā_dalīšana	Daļējā_frakciju_sadalīšana
Summēt	Skaitlis
Mainīgo_maiņa	Monoms
Racionāls_skaitlis	Naturāls_skaitlis
Bāze_(lineārā_algebra)	Matemātika
Lineārs_vienādojums	Ģeometrija
Vienlaicīgi_vienādojumi	Vienādība_(matemātika)
Funkcijas_nulle	Funkcija
Vienādojumu_risināšana	Skaitlis
Ekscentricitāte_(matemātika)	Līnija
Reāls_skaitlis	Lineāra_funkcija
Binārais_logaritms	Racionāls_skaitlis
Funkciju_kompozīcija	Funkcija
Reāls_skaitlis	Funkcija
Kubiska_funkcija	Matemātika
Identitāte_(matemātika)	Kāpināšana
Periodiska_funkcija	Amplitūda
Trijstūru_risināšana	Leņķis
Nulle_(kompleksā_analīze)	Komplekss_skaitlis
Algebriska_izteiksme	Kvadrāts_(algebra)
Vesels_skaitlis	Kāpināšana
Algebrisks_vienādojums	Vienādība_(matemātika)
Funkcijas_grafiks	Matemātika
Reāls_skaitlis	Atvērtā_kopa
Funkcija	Matemātika
Taisnleņķis	Leņķis
Punktveida_funkcija	Matemātika
Komplekss_skaitlis	Taisne
Kvadrātfunkcija	Matemātika
Tukša_kopa	Atvērtā_kopa
Vienādojums	Riņķa_līnija
Kvadrātvienādojums	Daļējā_frakciju_sadalīšana
Funkcija	Saskaitīšana
Trijstūru_risināšana	Punkts_(ģeometrija)
Racionāls_skaitlis	Reizināšana
Funkcijas_nulle	Konstanta_funkcija
Tukša_kopa	Reāls_skaitlis
Vienādojumu_risināšana	Matemātika
Racionālā_funkcija	Komplekss_skaitlis
Grīdas_un_griestu_funkcijas	Skaitlis
Slēgta_kopa	Tukša_kopa
Analītiskā_ģeometrija	Plakne_(ģeometrija)
Skalāra_reizināšana	Vektoru_telpa
Dekarta_zīmju_likums	Skaitlis
Algebriska_izteiksme	Algebra
Nevienādība	Reizināšana
Atņemšana	Naturāls_skaitlis
Apgrieztais_reizinātājs	Skaitlis
Vektoru_lauks	Vektors_(matemātika_un_fizika)
Spēks	Pārvietošana_(vektors)
Vesels_skaitlis	Logaritms
Daudzstūris	Ģeometrija
Analītiskā_ģeometrija	Skaitlis
Paralēlais_(ģeometrija)	Ģeometrija
Asu_rotācija	Koordinātu_sistēma
Funkcijas_grafiks	Polinoms
Eksponenciālā_funkcija	Kāpināšana
Funkcijas_grafiks	Eksponenciālā_funkcija
Riņķa_līnija	Ģeometrija
Rādiuss	Punkts_(ģeometrija)
Algebriska_izteiksme	Aritmētika
Funkcija	Polinoms
Norma_(matemātika)	Vektors_(matemātika_un_fizika)
Negatīvs_skaitlis	Kāpināšana
Perpendikuls	Leņķis
Vienādojumu_risināšana	Vienādība_(matemātika)
Kvadrātfunkcija	Polinoms
Reāls_skaitlis	Intervāls_(matemātika)
Negatīvs_skaitlis	Naturāls_skaitlis
Kvadrāts_(algebra)	Pāra_un_nepāra_skaitļi
Algebras_pamatteorēma	Komplekss_skaitlis
Kompleksi_saistītais_skaitlis	Komplekss_skaitlis
Tukša_kopa	Intervāls_(matemātika)
Apgrieztais_reizinātājs	Matemātika
Vienādojumu_risināšana	Polinoms
Kubiska_funkcija	Funkcija
Sinusu_teorēma	Punkts_(ģeometrija)
Algebra	Zīme_(matemātika)
Dalīšana	Asociativitāte
Riņķa_līnija	Sekante
Funkcijas_nulle	Vienādojums
Funkcijas_grafiks	Lineāra_funkcija
Diferenciālvienādojums	Matemātika
Rēķini	Sekante
Nogrieznis	Taisne
Funkcijas_grafiks	Funkcija
Pitagora_trigonometriskā_identitāte	Trigonometriskā_riņķa_līnija
Polinoma_pakāpe	Reizināšana
Racionālo_sakņu_teorēma	Racionāls_skaitlis
Sakne_(matemātika)	Vienādojumu_risināšana
Reāls_skaitlis	Vienādojums
Elipse	Konuss
EDGE_(nozīmju_atdalīšana)	Nogrieznis
Skalāra_reizināšana	Vektors_(matemātika_un_fizika)
Periodiska_funkcija	Matemātika
Dekarta_koordinātu_sistēma	Taisne
Trigonometriskā_riņķa_līnija	Matemātika
Eksponenciālā_funkcija	Reizināšana
Kāpināšana	Skaitlis
Funkcija	Atvērtā_kopa
Trigonometriskās_tabulas	Trigonometrija
Funkcijas_grafiks	Reāls_skaitlis
Tukša_summa	Summa
Funkcijas_nulle	Komplekss_skaitlis
Rinda_(matemātika)	Grīdas_un_griestu_funkcijas
Naturāls_skaitlis	Vesels_skaitlis
Sinuss	Stāvums
Komutativitāte	Apvienība_(kopu_teorija)
Vienlaicīgi_vienādojumi	Vienādojums
Vertikālās_līnijas_tests	Ģeometrija
Sinusoidāls_vilnis	Vienkārša_harmoniska_kustība
Diferenciālvienādojums	Vienādība_(matemātika)
Galvenā_diagonāle	Matricu_reizināšana
Polinomu_dalīšana	Polinoma_pakāpe
Ekscentricitāte_(matemātika)	Konusa_šķēlums
Perpendikuls	Lineāra_funkcija
Vektoru_lauks	Ģeometrija
Aritmētika	Matemātika
Stāvums	Paralēlais_(ģeometrija)
Reāls_skaitlis	Trigonometriskā_riņķa_līnija
Algebrisks_vienādojums	Vienādojums
Kāpināšana	Matemātika
Trigonometriskās_funkcijas	Matemātika
Galvenā_diagonāle	Matrica
Matricu_reizināšana	Matemātika
Pitagora_trigonometriskā_identitāte	Ģeometrija
Grāds_(leņķis)	Matemātika
Matemātiskā_indukcija	Matemātika
Vienādojums	Koordinātu_sistēma
Kvadrants_(plakņu_ģeometrija)	Skaitlis
Sadalīšana_reizinātājos	Reizināšana
Reāls_skaitlis	Racionālā_funkcija
Komplekss_skaitlis	Logaritms
Sinusoidāls_vilnis	Taisne
Komplekss_skaitlis	Saskaitīšana
Apgriezta_funkcija	Funkcija
E_(matemātiska_konstante)	Logaritms
Kvadrātsakne	Skaitlis
Dalīšana_ar_nulli	Skaitlis
Sadalīšana_reizinātājos	Polinomu_dalīšana
Kvadrātvienādojums	Riņķa_līnija
Riņķa_līnija	Līnija
Reāls_skaitlis	Atņemšana
Dekarta_koordinātu_sistēma	Plakne_(ģeometrija)
Funkcijas_vērtību_apgabals	Nevienādība
Periodiska_funkcija	Funkcija
Punkts_(ģeometrija)	Ģeometrija
Lineāra_nevienādība	Rēķini
Apgrieztais_reizinātājs	Reāls_skaitlis
Robeža_(matemātika)	Bezgalība
Sinusoidāls_vilnis	Amplitūda
Binoms	Reizināšana
Matemātisks_pierādījums	Matemātika
Kvadrants_(plakņu_ģeometrija)	Matemātika
Pozīcija_(vektors)	Vektors
Kompleksā_plakne	Plakne_(ģeometrija)
Eksponenciālā_augšana	Skaitlis
Kvadrātvienādojuma_sakņu_formula	Skaitlis
Distributīvā_īpašība	Skaitlis
Komplekss_skaitlis	Polinoms
Komplekss_skaitlis	Eksponenciālā_funkcija
Polinomu_dalīšana	Skaitlis
E_(matemātiska_konstante)	Polinoms
Zinātniskais_pieraksts	Reizināšana
Robeža_(matemātika)	Rēķini
E_(matemātiska_konstante)	Eksponenciālā_funkcija
Pāra_un_nepāra_skaitļi	Aritmētika
Apgriezta_funkcija	Diapazons
Binomiālkoeficients	Binoms
Polinomu_dalīšana	Dekarta_zīmju_likums
Lineāra_nevienādība	Lineāra_funkcija
Reāls_skaitlis	Sadalīšana_reizinātājos
Sinuss	Pitagora_teorēma
Konusa_šķēlums	Līnija
Taisnleņķa_trijstūris	Matemātika
Lineāra_nevienādība	Funkcija
Reālā_līnija	Reizināšana
Algebras_pamatteorēma	Vesels_skaitlis
Atvērtā_kopa	Kopa
Taisne	Matemātika
Vesels_skaitlis	Vienādojums
Sekvences_robeža	Pāra_un_nepāra_skaitļi
Fokuss_(ģeometrija)	Perpendikuls
Injektīvā_funkcija	Maksimums_un_minimums
Matemātiskā_analīze	Matemātika
Funkcijas_grafiks	Komplekss_skaitlis
Dalīšana	Skaitlis
Mainīgo_maiņa	Vienādojums
Elipse	Taisne
Pāra_un_nepāra_funkcijas	Reizināšana
Dekarta_koordinātu_sistēma	Matemātika
Apgrieztais_reizinātājs	Intervāls_(matemātika)
Ģeometrija	Pārvēršana_(funkcija)
Kvadrants_(plakņu_ģeometrija)	Funkcijas_grafiks
Kvadrātvienādojuma_sakņu_formula	Matemātika
Logaritms	Skaitlis
Trijstūru_risināšana	Trijstūris
Minors_(lineārā_algebra)	Binoms
Vienādojumu_risināšana	Komplekss_skaitlis
Sektors	Ģeometrija
Imaginārs_skaitlis	Reāls_skaitlis
Ģeometrija	Matemātika
Kompleksā_plakne	Matemātika
Analītiskā_ģeometrija	Dekarta_koordinātu_sistēma
Sinusu_teorēma	Trigonometrija
Kvadrātvienādojuma_sakņu_formula	Saskaitīšana
Pāra_un_nepāra_funkcijas	Pāra_un_nepāra_skaitļi
Taisnstūris	Leņķis
Distributīvā_īpašība	Saskaitīšana
Atņemšana	Vienādojums
Saskaitīšana	Kāpināšana
Reāls_skaitlis	Zīme_(matemātika)
Komplekss_skaitlis	Reāls_skaitlis
Ģeometrija	Saskaitīšana
Inversās_trigonometriskās_funkcijas	Trigonometriskās_funkcijas
Polārā_koordinātu_sistēma	Plakne_(ģeometrija)
Dalīšana	Matemātika
Reāls_skaitlis	Pozīcija_(vektors)
Tukša_summa	Matemātika
Perpendikuls	Sfēriskā_kosinusu_teorēma
Inversās_trigonometriskās_funkcijas	Matemātika
Diferenciālvienādojums	Vienādojums
Vesels_skaitlis	Trigonometriskā_riņķa_līnija
Funkcijas_vērtību_apgabals	Pāra_un_nepāra_funkcijas
Logaritms	Bāze_(kāpināšana)
Dekarta_koordinātu_sistēma	Attālums
Reāls_skaitlis	Vesels_skaitlis
Viendabīgs polinoms	Aritmētika
Dalīšana	Saskaitīšana
Polārā_koordinātu_sistēma	Skaitlis
Tukša_summa	Saskaitīšana
Reizinājums_(matemātika)	Aritmētika
Dekarta_koordinātu_sistēma	Funkcijas_grafiks
Nevienādība	Dalīšana
Kvadrātvienādojuma_sakņu_formula	Vienādība_(matemātika)
Trijstūris	Matemātika
Robeža_(matemātika)	Diapazons
Vienādojums	Taisne
Reāls_skaitlis	Algebriska_izteiksme
Kvadrātvienādojuma_sakņu_formula	Polinoms
Binārais_logaritms	Skaitlis
Apgrieztais_reizinātājs	Komplekss_skaitlis
Sinusu_teorēma	Trijstūris
Darbs_(fizika)	Skalāra_reizināšana
Matemātisks_pierādījums	Reāls_skaitlis
Decimāllogaritms	Bāze_(kāpināšana)
Algebras_pamatteorēma	Pirmskaitlis
Decimāllogaritms	Matemātika
Lineāra_nevienādība	Lineārs_vienādojums
Horda_(matemātika)	Riņķa_līnija
Racionāls_skaitlis	Riņķa_līnija
Decimāllogaritms	Logaritms
Komplekss_skaitlis	Racionalizācija_(matemātika)
Sekvences_robeža	Diapazons
Vienkārša_harmoniska_kustība	Periodiska_funkcija
Polārā_koordinātu_sistēma	Matemātika
Dalīšana	Polinoms
Riņķa_līnija	Sinusu_teorēma
Lineāra_nevienādība	Vienādojums
Ņūtona_binoms	Aritmētika
Binārais_logaritms	Bāze_(kāpināšana)
Komutativitāte	Asociativitāte
Binārais_logaritms	Matemātika
Plaknes_līkne	Matemātika
Polinoms	Skaitlis
Binārais_logaritms	Saskaitīšana
Polinomu_dalīšana	Asimptota
Summa	Binoms
Dekarta_koordinātu_sistēma	Reāls_skaitlis
Funkcijas_nulle	Pirmskaitlis
Distributīvā_īpašība	Reāls_skaitlis
Atņemšana	Komutativitāte
Vesels_skaitlis	Negatīvs_skaitlis
Līnija	Taisne
Inversās_trigonometriskās_funkcijas	Funkcija
Algebriska_izteiksme	Reizināšana
Sakne_(matemātika)	Racionāls_skaitlis
Sektors	Līnija
Imaginārs_skaitlis	Komplekss_skaitlis
Vesels_skaitlis	Apvienība_(kopu_teorija)
Analītiskā_ģeometrija	Riņķa_līnija
Elipse	Matemātika
Funkcija	Grīdas_un_griestu_funkcijas
Polinomu_dalīšana	Daļējā_frakciju_sadalīšana
Ģeometrija	Simetrija
E_(matemātiska_konstante)	Komplekss_skaitlis
Vektors_(matemātika_un_fizika)	Matrica
Laukums	Sinusu_teorēma
Funkcija	Vesels_skaitlis
Slēgta_kopa	Apvienība_(kopu_teorija)
Identitāte_(matemātika)	Sinuss
Atņemšana	Negatīvs_skaitlis
Koordinātu_sākuma_punkts	Punkts_(ģeometrija)
Komplekss_skaitlis	Trigonometriskā_riņķa_līnija
Vienādojums	Skaitlis
Topoloģisko_telpu_reizinājums	Aritmētika
Funkcijas_robeža	Rēķini
Vienādojumu_risināšana	Vesels_skaitlis
Trijstūra_matrica	Matrica
Naturāls_skaitlis	Funkciju_kompozīcija
Trigonometriskā_riņķa_līnija	Ģeometrija
Matemātiskā_formula	Aritmētika
Decimāllogaritms	Reāls_skaitlis
Cilindrs_(ģeometrija)	Taisne
Kvadrāts_(algebra)	Algebra
Konuss	Līnija
Skalāra_reizināšana	Skalārs_(matemātika)
Leņķis	Leņķa_minūte_un_sekunde
Slēgta_kopa	Racionāls_skaitlis
Dekarta_koordinātu_sistēma	Vienādojums
Reāls_skaitlis	Ņūtona_binoms
Konusa_šķēlums	Orbītas_mazā_pusass
Racionālo_sakņu_teorēma	Matemātika
Intervāls_(matemātika)	Punktveida_funkcija
Ģeometrija	Vienādojums
Minors_(lineārā_algebra)	Matrica
Dekarta_zīmju_likums	Vesels_skaitlis
Zinātniskais_pieraksts	Decimāllogaritms
Apgrieztais_reizinātājs	Vesels_skaitlis
Naturāls_skaitlis	Logaritms
Racionālo_sakņu_teorēma	Saskaitīšana
Rinda_(matemātika)	Matemātika
Naturāls_skaitlis	Saskaitīšana
Matricu_reizināšana	Vektoru_lauks
Atņemšana	Algebriska_izteiksme
Trigonometriskās_funkcijas	Ģeometrija
Grāds_(leņķis)	Ģeometrija
Dekarta_koordinātu_sistēma	Komplekss_skaitlis
Determinants	Matrica
Daudzstūris	Punkts_(ģeometrija)
Binomiālkoeficients	Skaitlis
Asimptota	Plaknes_līkne
Vesels_skaitlis	Zinātniskais_pieraksts
Kopa	Asociativitāte
Dekarta_koordinātu_sistēma	Trigonometriskā_riņķa_līnija
Racionālo_sakņu_teorēma	Vienādība_(matemātika)
Trijstūru_risināšana	Nogrieznis
Naturālais_logaritms	Bāze_(kāpināšana)
Vienādojums	Polinoms
Naturālais_logaritms	Matemātika
Atņemšana	Aritmētika
Dalīšana	Komplekss_skaitlis
Racionālo_sakņu_teorēma	Polinoms
Līnija	Matemātika
Attālums	Reālā_līnija
Inversās_trigonometriskās_funkcijas	Komplekss_skaitlis
Naturālais_logaritms	Logaritms
Trijstūra_matrica	Matemātika
Trigonometrija	Matemātika
Kvadrants_(plakņu_ģeometrija)	Ģeometrija
Racionāls_skaitlis	Pitagora_teorēma
Atvasinājums	Lineāra_funkcija
Reāls_skaitlis	Kopu_pierakstīšanas_forma
Reālā_līnija	Riņķa_līnija
Trijstūris	Sfēriskā_kosinusu_teorēma
Algebras_pamatteorēma	Kāpināšana
Eksponenciālā_funkcija	Aritmētika
Atņemšana	Zinātniskais_pieraksts
Inversās_trigonometriskās_funkcijas	Trigonometriskā_riņķa_līnija
Skalārs_(matemātika)	Vektoru_telpa
Parametru_vienādojums	Skaitlis
Trigonometriskā_riņķa_līnija	Līnija
Rādiuss	Nogrieznis
Lineāra_nevienādība	Algebra
Līklīnijas_kustība	Riņķa_līnija
Taisne	Ģeometrija
Elementārā_matrica	Determinants
Atvasinājums	Pārvietošana_(vektors)
Bāze_(kāpināšana)	Kāpināšana
Matemātika	Simetrija
Sintētiskā_dalīšana	Matemātika
Dalīšana	Atņemšana
Viendabīgs polinoms	Skaitlis
Naturālais_logaritms	Eksponenciālā_funkcija
E_(matemātiska_konstante)	Algebriska_izteiksme
Dekarta_koordinātu_sistēma	Ģeometrija
Stāvums	Taisne
Pitagora_teorēma	Ģeometriskā_sērija
Asimptota	Taisne
Sintētiskā_dalīšana	Saskaitīšana
Kompleksā_plakne	Ģeometrija
Sadalīšana_reizinātājos	Binoms
Vektors_(matemātika_un_fizika)	Atvasinājums
Funkciju_kompozīcija	Kāpināšana
Naturāls_skaitlis	Kopa
Binomiālkoeficients	Polinoms
Lineāru_vienādojumu_sistēma	Matemātika
Darbs_(fizika)	Spēks
Reāls_skaitlis	Kāpināšana
Bāze_(kāpināšana)	E_(matemātiska_konstante)
Ekscentricitāte_(matemātika)	Riņķa_līnija
Atvasinājums	Atkarīgie_un_neatkarīgie_mainīgie
Reāls_skaitlis	Naturāls_skaitlis
Matricu_reizināšana	Aritmētika
Naturālais_logaritms	Funkcija
Kvadrāts_(algebra)	Imaginārs_skaitlis
Sinusu_teorēma	Daudzstūris
Reālā_līnija	Racionāls_skaitlis
Reizinājums_(matemātika)	Reizināšana
Inversās_trigonometriskās_funkcijas	Ģeometrija
Tukša_kopa	Naturāls_skaitlis
Zinātniskais_pieraksts	Grīdas_un_griestu_funkcijas
Ģeometrija	Grafs_(matemātika)
Kvadrātvienādojums	Matemātika
Pārvēršana_(funkcija)	Taisne
Horda_(matemātika)	Taisne
Sintētiskā_dalīšana	Polinoms
Skalāra_reizināšana	Matemātika
Matrica	Skalāra_reizināšana
Trijstūris	Ģeometrija
Algebras_pamatteorēma	Rēķini
Vektoru_lauks	Attēls_(matemātika)
Naturālais_logaritms	Reāls_skaitlis
Reāls_skaitlis	E_(matemātiska_konstante)
Sinusoidāls_vilnis	Ģeometrija
Vektoru_lauks	Determinants
Lineāru_vienādojumu_sistēma	Vienādība_(matemātika)
Summa	Skaitlis
Pitagora_teorēma	Riņķa_līnija
Kvadrātvienādojuma_sakņu_formula	Vesels_skaitlis
Apgriezta_funkcija	Punktveida_funkcija
Distributīvā_īpašība	Vesels_skaitlis
Polinomu_dalīšana	Vesels_skaitlis
Ņūtona_binoms	Reizināšana
Saskaitīšana	Apvienība_(kopu_teorija)
Plakne_(ģeometrija)	Matemātika
Mereoloģija	Matemātika
Trigonometriskās_tabulas	Matemātika
Polārā_koordinātu_sistēma	Ģeometrija
Pārvietošana_(vektors)	Taisne
Sinusu_teorēma	Taisne
Kvadrātvienādojums	Vienādība_(matemātika)
Racionālo_sakņu_teorēma	Vienādojums
Vienādojumu_risināšana	Kvadrātvienādojums
Decimāllogaritms	Eksponenciālā_augšana
Kvadrātvienādojums	Polinoms
Dalīšana	Vesels_skaitlis
Koordinātu_sistēma	Skaitlis
Analītiskā_ģeometrija	Taisne
Plaknes_līkne	Ģeometrija
Summa	Matemātika
Sfēriskā_kosinusu_teorēma	Trigonometrija
Daļējā_frakciju_sadalīšana	Aritmētika
Daudzstūris	Sfēriskā_kosinusu_teorēma
Pārvietošana_(vektors)	Amplitūda
Skaitlis	Kopa
Summa	Saskaitīšana
Kvadrāts_(algebra)	Kvadrātmatrica
Naturāls_skaitlis	Komplekss_skaitlis
Sakne_(matemātika)	Skaitlis
Funkcija	Kāpināšana
Elipse	Ģeometrija
Funkcija	Kvadrātsakne
Funkcija	Naturāls_skaitlis
Kvadrātfunkcija	Kvadrātsakne
Lineāru_vienādojumu_sistēma	Reāls_skaitlis
Intervāls_(matemātika)	Polinoms
Funkcijas_vērtību_apgabals	Funkciju_kompozīcija
Koordinātu_sistēma	Matemātika
Stāvums	Matemātika
Asimptota	Matemātika
Racionāls_skaitlis	Skaitlis
Vertikālās_līnijas_tests	Lineārs_vienādojums
Topoloģisko_telpu_reizinājums	Reizināšana
Pārvēršana_(funkcija)	Funkciju_kompozīcija
Elementārā_matrica	Vienības_matrica
Tukša_kopa	Funkcija
Analītiskā_ģeometrija	Kvadrātvienādojums
Sinuss	Pāra_un_nepāra_funkcijas
Nevienādība	Skaitlis
Polinomu_dalīšana	Pirmskaitlis
Funkcijas_vērtību_apgabals	Inversās_trigonometriskās_funkcijas
Sakne_(matemātika)	Bāze_(kāpināšana)
Attālums	Pitagora_teorēma
Summēt	Matemātika
Binārais_logaritms	Vesels_skaitlis
Reāls_skaitlis	Vienādojumu_risināšana
Asociativitāte	Apvienība_(kopu_teorija)
Naturālais_logaritms	Komplekss_skaitlis
Saskaitīšana	Aritmētika
Matemātika	Vektoru_lauks
Funkcijas_vērtību_apgabals	Matemātika
Funkcija	Logaritms
Monotonā_funkcija	Funkcija
Trigonometriskās_funkcijas	Sinusu_teorēma
Taisnleņķa_trijstūris	Nogrieznis
Summēt	Saskaitīšana
Sakne_(matemātika)	Saskaitīšana
Pārvēršana_(funkcija)	Matemātika
Reāls_skaitlis	Kopa
Horda_(matemātika)	Matemātika
Vienādojumu_risināšana	Logaritms
Stāvums	Funkcijas_grafiks
Atvasinājums	Vektoru_lauks
Funkcijas_grafiks	Polinomu_dalīšana
Tukša_kopa	Kopa
Algebras_pamatteorēma	Vienādojums
Reāls_skaitlis	Diapazons
Stāvums	Polinoms
Racionāls_skaitlis	Saskaitīšana
Stāvums	Eksponenciālā_funkcija
Nevienādība	Matemātika
Apgrieztais_reizinātājs	Kāpināšana
Vesels_skaitlis	Reizināšana
Atvasinājums	Sekante
Nevienādība	Saskaitīšana
Polinoma_pakāpe	Skaitlis
Apgriežamā_matrica	Matrica
Lineāru_vienādojumu_sistēma	Vienādojums
Polinoms	Vesels_skaitlis
Grīdas_un_griestu_funkcijas	Matemātika
Plaknes_līkne	Līnija
Sakne_(matemātika)	Polinoms
Sinusu_teorēma	Matemātika
Apgrieztais_reizinātājs	Inversās_trigonometriskās_funkcijas
Trigonometriskā_riņķa_līnija	Kāpināšana
Dekarta_zīmju_likums	Matemātika
Reāls_skaitlis	Lineārs_vienādojums
Apgrieztais_reizinātājs	E_(matemātiska_konstante)
Eksponenciālā_funkcija	Skaitlis
Kvadrātvienādojums	Vienādojums
Racionāls_skaitlis	Polinoms
Analītiskā_ģeometrija	Matemātika
Negatīvs_skaitlis	Skaitlis
Apgrieztais_reizinātājs	Logaritms
Dekarta_zīmju_likums	Saskaitīšana
Atņemšana	Reizināšana
Nevienādība	Vienādība_(matemātika)
Sinuss	Racionāls_skaitlis
Elipse	Līnija
Reālā_līnija	Taisne
Trijstūris	Nogrieznis
Polinoma_pakāpe	Matemātika
Punktveida_funkcija	Funkcija
Binārais_logaritms	Pirmskaitlis
Kvadrātfunkcija	Funkcija
Funkcijas_vērtību_apgabals	Funkcija
Līnija	Ģeometrija
Konusa_šķēlums	Riņķa_līnija
Imaginārs_skaitlis	Kāpināšana
Vienādojumu_risināšana	Funkcija
Polinoma_pakāpe	Saskaitīšana
Līklīnijas_kustība	Taisne
Trigonometrija	Ģeometrija
Kvadrātvienādojums	Komplekss_skaitlis
Komplekss_skaitlis	Kāpināšana
Sinuss	Vesels_skaitlis
Mainīgo_maiņa	Apgriezta_funkcija
Racionālo_sakņu_teorēma	Vesels_skaitlis
Fokuss_(ģeometrija)	Nogrieznis
Kāpināšana	Kvadrātsakne
Komplekss_skaitlis	Kvadrātsakne
Funkcijas_vērtību_apgabals	Atvērtā_kopa
Naturālais_logaritms	Eksponenciālā_augšana
Analītiskā_ģeometrija	Attālums
Sakne_(matemātika)	Reāls_skaitlis
Sadalīšana_reizinātājos	Skaitlis
Pozīcija_(vektors)	Vektors_(matemātika_un_fizika)
Dekarta_zīmju_likums	Polinoms
Analītiskā_ģeometrija	Vienādība_(matemātika)
Līnija–līnijas_krustojums	Punkts_(ģeometrija)
Funkcijas_vērtību_apgabals	Reāls_skaitlis
Analītiskā_ģeometrija	Funkcijas_grafiks
Funkcija	Kopa
Pāra_un_nepāra_funkcijas	Amplitūda
Racionāls_skaitlis	Atvērtā_kopa
Funkcijas_grafiks	Diapazons
Vienādojumu_risināšana	Kopa
Funkcijas_vērtību_apgabals	Konstanta_funkcija
Darbs_(fizika)	Orbītas_lielā_pusass
Polinoma_pakāpe	Polinoms
Dekarta_koordinātu_sistēma	Perpendikuls
Ekscentricitāte_(matemātika)	Taisne
Polinoma_pakāpe	Eksponenciālā_funkcija
Lineāra_nevienādība	Reizināšana
Kvadrātvienādojuma_sakņu_formula	Kvadrātvienādojums
Nevienādība	Reāls_skaitlis
Polinomu_dalīšana	Kvadrātvienādojums
Binoms	Skaitlis
Apgrieztais_reizinātājs	Funkcija
Analītiskā_ģeometrija	Lineāra_funkcija
Grāds_(leņķis)	Leņķis
Vienības_matrica	Kvadrātmatrica
Sekante	Taisne
Absolūtā_vērtība	Skaitlis
Atkarīgie_un_neatkarīgie_mainīgie	Matemātika
Matricu_reizināšana	Reizināšana
Vienkārša_harmoniska_kustība	Spēks
Reāls_skaitlis	Dalīšana
Funkcijas_grafiks	Lineārs_vienādojums
Lineāru_vienādojumu_sistēma	Ģeometrija
Binomiālkoeficients	Grīdas_un_griestu_funkcijas
Sakne_(matemātika)	Racionalizācija_(matemātika)
Saskaitīšana	Skalāra_reizināšana
Algebriska_izteiksme	Asociativitāte
EDGE_(nozīmju_atdalīšana)	Taisne
Funkcijas_vērtību_apgabals	Vertikālās_līnijas_tests
Rēķini	Binoms
Slēgta_kopa	Atvērtā_kopa
Reālā_līnija	Skaitlis
Binomiālkoeficients	Vesels_skaitlis
Kopa	Komplekss_skaitlis
Slēgta_kopa	Reāls_skaitlis
Reāls_skaitlis	Komutativitāte
Mainīgo_maiņa	Spēks
Decimāllogaritms	Naturālais_logaritms
Trijstūru_risināšana	Trigonometrija
Analītiskā_ģeometrija	Reāls_skaitlis
Vienādojumu_risināšana	Lineārs_vienādojums
Funkcija	Vienādojums
Binoms	Matemātika
Kvadrātsakne	Matemātika
Riņķa_līnija	Koordinātu_sistēma
Reāls_skaitlis	Matemātiskā_indukcija
Dalīšana_ar_nulli	Matemātika
Dekarta_koordinātu_sistēma	Kāpināšana
Nevienādība	Intervāls_(matemātika)
Funkcijas_vērtību_apgabals	Vienādojums
Reāls_skaitlis	Vektoru_lauks
Dekarta_koordinātu_sistēma	Kvadrātsakne
Elipse	Asu_rotācija
Naturālais_logaritms	Aritmētika
Binoms	Saskaitīšana
Vienādojumu_risināšana	Vienādojums
Mainīgo_maiņa	Lineārs_vienādojums
Sintētiskā_dalīšana	Vesels_skaitlis
Ģeometrija	Kvadrātsakne
Ģeometrija	Naturāls_skaitlis
Kopu_pierakstīšanas_forma	Naturāls_skaitlis
Nogrieznis	Matemātika
Reāls_skaitlis	Negatīvs_skaitlis
Zinātniskais_pieraksts	Logaritms
Zinātniskais_pieraksts	Saskaitīšana
Taisnleņķa_trijstūris	Leņķis
Plakne_(ģeometrija)	Ģeometrija
Vienības_matrica	Galvenā_diagonāle
Trigonometriskās_tabulas	Ģeometrija
Matemātisks_pierādījums	Pāra_un_nepāra_skaitļi
Sakne_(matemātika)	Komplekss_skaitlis
Dalīšana	Naturāls_skaitlis
Eksponenciālā_augšana	Matemātika
Daudzstūris	Nogrieznis
Tukša_kopa	Apvienība_(kopu_teorija)
Inversās_trigonometriskās_funkcijas	Kvadrātsakne
Algebras_pamatteorēma	Algebra
Funkcijas_vērtību_apgabals	Komplekss_skaitlis
Slēgta_kopa	Intervāls_(matemātika)
Vektoriālais_reizinājums	Aritmētika
Polinomu_dalīšana	Matemātika
Vienības_matrica	Reizināšana
Eksponenciālā_augšana	Logaritms
Analītiskā_ģeometrija	Intervāls_(matemātika)
Konusa_šķēlums	Konuss
Daļējā_frakciju_sadalīšana	Reizināšana
Dekarta_koordinātu_sistēma	Leņķis
Algebriska_izteiksme	Polinoma_pakāpe
Binoms	Polinoms
Sakne_(matemātika)	Trigonometriskā_riņķa_līnija
Atkarīgie_un_neatkarīgie_mainīgie	Funkcija
Taisnleņķa_trijstūris	Punkts_(ģeometrija)
Polinomu_dalīšana	Saskaitīšana
Apgriezta_funkcija	Minors_(lineārā_algebra)
Reāls_skaitlis	Sinuss
Algebras_pamatteorēma	Aritmētika
Nevienādība	Komplekss_skaitlis
Zinātniskais_pieraksts	Eksponenciālā_funkcija
Analītiskā_ģeometrija	Vienādojums
Decimāllogaritms	Kāpināšana
Decimāllogaritms	Kvadrātsakne
E_(matemātiska_konstante)	Kopa
Logaritms	Matemātika
Saskaitīšana	Skaitlis
Algebriskā_darbība	Algebra
Komplekss_skaitlis	Diapazons
Asu_rotācija	Skaitlis
Asu_rotācija	Hiperbola
Funkcijas_grafiks	Reālā_līnija
Bāze_(kāpināšana)	Aritmētika
Koordinātu_sistēma	Ģeometrija
Eksponenciālā_augšana	Eksponenciālā_funkcija
Stāvums	Ģeometrija
Asimptota	Ģeometrija
Funkcija	Komutativitāte
Sinusoidāls_vilnis	Matemātika
Polinomu_dalīšana	Polinoms
Binārais_logaritms	Kāpināšana
Diapazons	Matemātika
Topoloģisko_telpu_reizinājums	Reizinājums_(matemātika)
Trijstūris	Leņķis
Kvadrātsakne	Sakne_(matemātika)
Sekante	Matemātika
Dalīšana	Pāra_un_nepāra_skaitļi
Konusa_šķēlums	Plaknes_līkne
Attēls_(matemātika)	Matemātika
Konuss	Riņķa_līnija
Stāvums	Sekante
Kvadrātsakne	Reāls_skaitlis
Bāze_(kāpināšana)	Zinātniskais_pieraksts
Asimptota	Sekante
Nevienādība	Atņemšana
Skalāra_reizināšana	Aritmētika
EDGE_(nozīmju_atdalīšana)	Matemātika
Komplekss_skaitlis	Lineārs_vienādojums
Eksponenciālā_augšana	Funkcija
Vektoru_telpa	Vektors_(matemātika_un_fizika)
Reizināšana	Aritmētika
Algebriska_izteiksme	Skaitlis
Asu_rotācija	Matemātika
Ņūtona_binoms	Binoms
Galvenā_diagonāle	Determinants
Trijstūris	Punkts_(ģeometrija)
Lineāra_nevienādība	Nevienādība
Paralēlais_(ģeometrija)	Taisne
Pitagora_teorēma	Matemātika
Paplašinātā_reālo_skaitļu_taisne	Skaitlis
Matricu_reizināšana	Minors_(lineārā_algebra)
Horda_(matemātika)	Ģeometrija
Logaritms	Eksponenciālā_funkcija
Riņķa_līnija	Fokuss_(ģeometrija)
Riņķa_līnija	Taisne
Nepārtraukta_funkcija	Matemātika
Kopa	Vesels_skaitlis
Binārais_logaritms	Logaritms
Vienādojums	Perpendikuls
Elementārā_matrica	Skalāra_reizināšana
Orbītas_lielā_pusass	Nogrieznis
Inversās_trigonometriskās_funkcijas	Apgriezta_funkcija
Reāls_skaitlis	Zinātniskais_pieraksts
Aritmētiskais_vidējais	Matemātika
Reāls_skaitlis	Koordinātu_sistēma
Daudzstūris	Sektors
Sinuss	Kvadrātvienādojums
Lineārs_vienādojums	Skaitlis
Vektors_(matemātika_un_fizika)	Matricu_reizināšana
Perpendikuls	Riņķa_līnija
Darbība_(matemātika)	Matemātika
Funkcijas_grafiks	Sinuss
Trigonometriskās_funkcijas	Trigonometrija
Algebriska_izteiksme	Matemātika
Distributīvā_īpašība	Kopa
Matricas_gredzens	Aritmētika
Bāze_(lineārā_algebra)	Algebra
Kvadrātsakne	Racionalizācija_(matemātika)
Sinusu_teorēma	Ģeometrija
Kopu_pierakstīšanas_forma	Kopa
Algebriska_izteiksme	Saskaitīšana
Lineāra_funkcija	Matemātika
Konusa_šķēlums	Fokuss_(ģeometrija)
Reāls_skaitlis	Kvadrātvienādojuma_sakņu_formula
Vektors	Vektors_(matemātika_un_fizika)
Konusa_šķēlums	Taisne
Polinoms	Matemātika
Skalārais_reizinājums	Aritmētika
Sakne_(matemātika)	Vesels_skaitlis
Slēgta_kopa	Ģeometrija
Analītiskā_ģeometrija	Ģeometrija
Binārā_skaitīšanas_sistēma	Skaitlis
Elementārā_matrica	Kvadrātmatrica
Polinoms	Saskaitīšana
Attēls_(matemātika)	Funkcija
Hiperbola	Orbītas_lielā_pusass
Racionāls_skaitlis	Vesels_skaitlis
Vertikālās_līnijas_tests	Taisne
Inversās_trigonometriskās_funkcijas	Diapazons
Reāls_skaitlis	Maksimums_un_minimums
Vienības_matrica	Minors_(lineārā_algebra)
Asimptota	Līnija
Naturāls_skaitlis	Kāpināšana
Naturāls_skaitlis	Kvadrātsakne
Dekarta_koordinātu_sistēma	Lineārs_vienādojums
Trigonometriskā_aizstāšana	Trigonometrija
Nevienādība	Vesels_skaitlis
Algebriska_izteiksme	Polinoms
Binārais_logaritms	Funkcija
Vektoru_lauks	Skalāra_reizināšana
Atvērtā_kopa	Apvienība_(kopu_teorija)
Konstanta_funkcija	Matemātika
Laukums	Sektors
Kvadrātvienādojuma_sakņu_formula	Vienādojums
Vienādojums	Matemātika
Lineāra_funkcija	Polinoms
Apgrieztais_reizinātājs	Sinuss
Sinuss	Matemātika
Vienādojums	Saskaitīšana
Ģeometriskā_sērija	Rinda_(matemātika)
Horda_(matemātika)	Līnija
Reāls_skaitlis	Binomiālkoeficients
Sinuss	Logaritms
Ģeometrija	Ģeometriskā_progresija
Naturālais_logaritms	Kāpināšana
Dalīšana	Vienādojums
Naturālais_logaritms	Kvadrātsakne
Sfēriskā_kosinusu_teorēma	Trigonometriskās_funkcijas
Naturāls_skaitlis	Reizināšana
Elementārā_matrica	Galvenā_diagonāle
Lineāra_funkcija	Funkcija
Sfēriskā_kosinusu_teorēma	Matemātika
Racionālo_sakņu_teorēma	Polinomu_dalīšana
Polinoma_pakāpe	Vesels_skaitlis
Funkcijas_nulle	Funkcijas_vērtību_apgabals
Pārvietošana_(vektors)	Orbītas_lielā_pusass
Vienādojums	Vienādība_(matemātika)
Elementārā_matrica	Reizināšana
Taisnleņķa_trijstūris	Trijstūris
Rēķini	Bāze_(kāpināšana)
Komutativitāte	Funkciju_kompozīcija
Orbītas_mazā_pusass	Orbītas_lielā_pusass
Rēķini	Matemātika
Naturālais_logaritms	E_(matemātiska_konstante)
Mainīgo_maiņa	Koordinātu_sistēma
Dekarta_zīmju_likums	Aritmētika
Sinuss	Eksponenciālā_funkcija
Decimāllogaritms	Binārais_logaritms
Daļējā_frakciju_sadalīšana	Dalīšana
Apgrieztais_reizinātājs	Aritmētika
Polinomu_dalīšana	Racionālā_funkcija
Rinda_(matemātika)	Rēķini
Naturālais_logaritms	Reizināšana
Lineāra_funkcija	Konstanta_funkcija
Vienādojums	Lineāra_funkcija
Binomiālkoeficients	Matemātika
Konstanta_funkcija	Funkcija
Polinoms	Konstanta_funkcija
Trijstūru_risināšana	Daudzstūris
Konusa_šķēlums	Matemātika
Pitagora_teorēma	Vienādojums
Vienādība_(matemātika)	Matemātika
Binomiālkoeficients	Saskaitīšana
Darbs_(fizika)	Robeža_(matemātika)
Grīdas_un_griestu_funkcijas	Pirmskaitlis
Komutativitāte	Saskaitīšana
Nogrieznis	Ģeometrija
Vektoriālais_reizinājums	Reizināšana
Attālums	Ģeometrija
Reizinājums_(matemātika)	Skaitlis
Spēks	Amplitūda
Ģeometrija	Vektors
Kvadrātvienādojums	Kāpināšana
Dalīšana	Komutativitāte
Līklīnijas_kustība	Ģeometrija
Kvadrātvienādojums	Kvadrātsakne
Pitagora_teorēma	Komplekss_skaitlis
Bāze_(kāpināšana)	Skaitlis
Parametru_vienādojums	Matemātika
Sintētiskā_dalīšana	Reizināšana
Vektors_(matemātika_un_fizika)	Determinants
Cilindrs_(ģeometrija)	Matemātika
Algebras_pamatteorēma	Reizināšana
Matemātika	Spēks
Trijstūru_risināšana	Taisne
Sintētiskā_dalīšana	Polinomu_dalīšana
Kāpināšana	Aritmētika
Distributīvā_īpašība	Apvienība_(kopu_teorija)
Sekvences_robeža	Grīdas_un_griestu_funkcijas
Pitagora_teorēma	Trigonometriskā_riņķa_līnija
Binoms	Vesels_skaitlis
Skaitlis	Pāra_un_nepāra_skaitļi
Skalārs_(matemātika)	Vektors_(matemātika_un_fizika)
Viendabīgs polinoms	Matemātika
Reāls_skaitlis	Funkcijas_nulle
Bāze_(kāpināšana)	Reizināšana
Dalīšana	Negatīvs_skaitlis
Vertikālās_līnijas_tests	Funkcijas_grafiks
Ņūtona_binoms	Skaitlis
Reāls_skaitlis	Skaitlis
Konuss	Taisne
Intervāls_(matemātika)	Funkciju_kompozīcija
Vektors_(matemātika_un_fizika)	Reāls_skaitlis
Koordinātu_sistēma	Perpendikuls
Viendabīgs polinoms	Saskaitīšana
Stāvums	Perpendikuls
Reāls_skaitlis	Dekarta_zīmju_likums
Kvadrātsakne	Algebra
Komplekss_skaitlis	Koordinātu_sistēma
Dekarta_koordinātu_sistēma	Sinuss
E_(matemātiska_konstante)	Zinātniskais_pieraksts
Parametru_vienādojums	Vienādība_(matemātika)
Atņemšana	Asociativitāte
Rādiuss	Taisne
Ģeometriskā_sērija	Matemātika
Sekante	Ģeometrija
Skalāra_reizināšana	Reizināšana
Vienlaicīgi_vienādojumi	Skaitlis
Reāls_skaitlis	Reizināšana
Minors_(lineārā_algebra)	Determinants
Sakne_(matemātika)	Kvadrātvienādojums
Intervāls_(matemātika)	Matemātika
EDGE_(nozīmju_atdalīšana)	Ģeometrija
Tukša_kopa	Reizināšana
Ņūtona_binoms	Matemātika
Apgrieztais_elements	Zīme_(matemātika)
Kopa	Kāpināšana
Inversās_trigonometriskās_funkcijas	Sinuss
Distributīvā_īpašība	Algebriska_izteiksme
Asu_rotācija	Ģeometrija
Kopa	Kvadrātsakne
Vienkārša_harmoniska_kustība	Amplitūda
Viendabīgs polinoms	Polinoms
Pitagora_teorēma	Ģeometrija
Perpendikuls	Taisne
Ņūtona_binoms	Saskaitīšana
Komutativitāte	Kopa
Racionāls_skaitlis	Kvadrātvienādojums
Kvadrants_(plakņu_ģeometrija)	Koordinātu_sistēma
Algebrisks_vienādojums	Skaitlis
Vertikālās_līnijas_tests	Asimptota
Kopa	Pārvēršana_(funkcija)
Racionālā_funkcija	Daļējā_frakciju_sadalīšana
Vienādojums	Komplekss_skaitlis
Dalīšana	Algebriska_izteiksme
Sinusoidāls_vilnis	Sinuss
Topoloģisko_telpu_reizinājums	Skaitlis
Eksponenciālā_augšana	Aritmētika
Apgrieztais_reizinātājs	Naturālais_logaritms
Kvadrātvienādojuma_sakņu_formula	Aritmētika
Sinuss	Komplekss_skaitlis
Polinomu_dalīšana	Aritmētika
Ģeometriskā_sērija	Rēķini
Koordinātu_sistēma	Pārvēršana_(funkcija)
Vienādojums	Trigonometriskā_riņķa_līnija
Sakne_(matemātika)	Kāpināšana
Rēķini	Darbs_(fizika)
Skalārais_reizinājums	Reizināšana
Sinuss	Trigonometriskā_riņķa_līnija
Ņūtona_binoms	Polinoms
Funkcijas_vērtību_apgabals	Kvadrātsakne
Funkcijas_grafiks	Funkcijas_nulle
Koordinātu_sākuma_punkts	Ģeometrija
Rēķini	Vektors_(matemātika_un_fizika)
Vektoru_lauks	Spēks
Dalīšana	Aritmētika
Dekarta_koordinātu_sistēma	Koordinātu_sistēma
Tukša_summa	Aritmētika
Konuss	Hiperbola
Stāvums	Logaritms
Analītiskā_ģeometrija	Perpendikuls
Racionāls_skaitlis	Kvadrātsakne
Topoloģisko_telpu_reizinājums	Matemātika
Logaritms	Aritmētika
Trijstūru_risināšana	Matemātika
Polinoma_pakāpe	Kvadrātvienādojums
Dalīšana	Zinātniskais_pieraksts
Ekscentricitāte_(matemātika)	Konuss
Kvadrāts_(algebra)	Skaitlis
Matemātiskā_formula	Matemātika
Tukša_kopa	Vienādojumu_risināšana
Sinusoidāls_vilnis	Līnija
Sakne_(matemātika)	Logaritms
Vesels_skaitlis	Skaitlis
Taisnleņķis	Matemātika
Elementārā_matrica	Dalīšana
Funkcija	Reizināšana
Sekante	Līnija
Decimāllogaritms	Aritmētika
Konuss	Matemātika
Intervāls_(matemātika)	Atvērtā_kopa
Negatīvs_skaitlis	Kvadrātvienādojums
Algebriska_izteiksme	Vesels_skaitlis
Lineāru_vienādojumu_sistēma	Lineārs_vienādojums
Komutativitāte	Komplekss_skaitlis
Identitāte_(matemātika)	Trigonometriskās_funkcijas
Fokuss_(ģeometrija)	Orbītas_lielā_pusass
Sinuss	Ģeometrija
Rādiuss	Matemātika
Reāls_skaitlis	Vektoriālais_reizinājums
Parametru_vienādojums	Vienādojums
Identitāte_(matemātika)	Matemātika
Intervāls_(matemātika)	Kopa
Atņemšana	Skaitlis
Taisnleņķa_trijstūris	Daudzstūris
Kvadrāts_(algebra)	Matemātika
Binārais_logaritms	Aritmētika
Pitagora_trigonometriskā_identitāte	Trigonometrija
Laukums	Ģeometriskā_sērija
Reāls_skaitlis	Daļējā_frakciju_sadalīšana
Identitāte_(matemātika)	Logaritms
Apgrieztais_reizinātājs	Funkcijas_nulle
Kvadrātvienādojums	Lineārs_vienādojums
Polinoma_pakāpe	Kāpināšana
Polinoma_pakāpe	Kvadrātsakne
Horda_(matemātika)	Punkts_(ģeometrija)
Stāvums	Lineāra_funkcija
Polārā_koordinātu_sistēma	Koordinātu_sistēma
Aritmētiskais_vidējais	Aritmētika
Vesels_skaitlis	Saskaitīšana
Inversās_trigonometriskās_funkcijas	Pitagora_teorēma
Diferenciālvienādojums	Skaitlis
Naturāls_skaitlis	Apvienība_(kopu_teorija)
Sfēriskā_kosinusu_teorēma	Ģeometrija
Matricu_reizināšana	Matrica
Perpendikuls	Matemātika
Imaginārs_skaitlis	Kvadrātmatrica
Sinusu_teorēma	Leņķis
Orientācija_(ģeometrija)	Plakne_(ģeometrija)
Vektors_(matemātika_un_fizika)	Ģeometrija
Dekarta_zīmju_likums	Reizināšana
Atņemšana	Matemātika
Identitāte_(matemātika)	Vienādība_(matemātika)
Apgrieztais_reizinātājs	Reizināšana
Matemātisko_simbolu_saraksts	Matemātika
Analītiskā_ģeometrija	Leņķis
Sakne_(matemātika)	Funkcija
Pārvēršana_(funkcija)	Determinants
Apgriezta_funkcija	Matemātika
Polinoma_pakāpe	Logaritms
Atņemšana	Saskaitīšana
Taisnleņķa_trijstūris	Taisne
Identitāte_(matemātika)	Eksponenciālā_funkcija
Polinoms	Aritmētika
Sintētiskā_dalīšana	Dalīšana
Pārvēršana_(funkcija)	Funkcija
Eksponenciālā_funkcija	Bāze_(kāpināšana)
Līnija–līnijas_krustojums	Matemātika
Eksponenciālā_funkcija	Matemātika
Matrica	Lineāra_funkcija
Stāvums	Konstanta_funkcija
Dekarta_koordinātu_sistēma	Funkcijas_vērtību_apgabals
Lineāra_nevienādība	Skaitlis
Funkcijas_vērtību_apgabals	Vienādojumu_risināšana
Imaginārs_skaitlis	Skaitlis
Trijstūris	Daudzstūris
Nevienādība	Funkcija
Konusa_šķēlums	Ģeometrija
Binoms	Monoms
Saskaitīšana	Asociativitāte
Negatīvs_skaitlis	Saskaitīšana
Orientācija_(ģeometrija)	Matemātika
Komplekss_skaitlis	Skaitlis
Matricu_reizināšana	Skaitlis
Racionāls_skaitlis	Reāls_skaitlis
E_(matemātiska_konstante)	Skaitlis
Atņemšana	Polinoms
Vektoriālais_reizinājums	Reizinājums_(matemātika)
Vienības_matrica	Matrica
Funkcijas_vērtību_apgabals	Diapazons
Intervāls_(matemātika)	Komplekss_skaitlis
Racionāls_skaitlis	Kopa
Kvadrātvienādojums	Kvadrātfunkcija
Lineāra_nevienādība	Matemātika
Stāvums	Lineārs_vienādojums
Algebra	Vienādība
Racionālo_sakņu_teorēma	Aritmētika
Sadalīšana_reizinātājos	Matemātika
Kāpināšana	Reizināšana
Komplekss_skaitlis	Reizināšana
Cilindrs_(ģeometrija)	Ģeometrija
Ģeometrija	Garums
Reizināšana	Dalīšana
Lineāra_nevienādība	Saskaitīšana
Polinoma_pakāpe	Lineāra_funkcija
Trijstūris	Taisne
Tukša_kopa	Kvadrātfunkcija
Robeža_(matemātika)	Matemātika
Zinātniskais_pieraksts	Kāpināšana
Sinuss	Pitagora_trigonometriskā_identitāte
Reāls_skaitlis	Pāra_un_nepāra_funkcijas
Galvenā_diagonāle	Kvadrātmatrica
Izteiksme_(matemātika)	Matemātika
Pitagora_teorēma	Sinusu_teorēma
Fokuss_(ģeometrija)	Taisne
Eksponenciālā_funkcija	Funkcija
Slēgta_kopa	Kopa
Lineāra_nevienādība	Vienādība_(matemātika)
Pāra_un_nepāra_funkcijas	Funkciju_kompozīcija
Eksponenciālā_augšana	Kāpināšana
Sekvences_robeža	Matemātika
Naturālais_logaritms	Logistiskā_funkcija
Daļējā_frakciju_sadalīšana	Skaitlis
Racionāls_skaitlis	Vienādojums
Binārais_logaritms	Naturālais_logaritms
Trigonometriskā_aizstāšana	Trigonometriskās_funkcijas
Vesels_skaitlis	Intervāls_(matemātika)
Dekarta_koordinātu_sistēma	Skaitlis
Polinoma_pakāpe	Konstanta_funkcija
Reālā_līnija	Matemātika
Trigonometriskā_aizstāšana	Matemātika
Plaknes_līkne	Taisne
Nevienādība	Vienādojums
Naturālais_logaritms	Zinātniskais_pieraksts
Ģeometrija	Funkcijas_nulle
Binomiālkoeficients	Aritmētika
Pāra_un_nepāra_funkcijas	Matemātika
Ģeometrija	Hiperbola
Pitagora_teorēma	Perpendikuls
Logaritms	Kāpināšana
Līklīnijas_kustība	Matemātika
Sektors	Riņķa_līnija
Pāra_un_nepāra_funkcijas	Saskaitīšana
Sadalīšana_reizinātājos	Sintētiskā_dalīšana
Racionāls_skaitlis	Komplekss_skaitlis
Lineārs_vienādojums	Taisne
Tukša_summa	Skaitlis
Intervāls_(matemātika)	Sekante
Elipse	Fokuss_(ģeometrija)
Daļējā_frakciju_sadalīšana	Matemātika
Eksponenciālā_augšana	Reizināšana
Analītiskā_ģeometrija	Lineārs_vienādojums
Viendabīgs polinoms	Vesels_skaitlis
Zinātniskais_pieraksts	Pāra_un_nepāra_skaitļi
Kvadrātvienādojuma_sakņu_formula	Reizināšana
Distributīvā_īpašība	Reizināšana
Sintētiskā_dalīšana	Aritmētika
Polinomu_dalīšana	Reizināšana
Nogrieznis	Punkts_(ģeometrija)
Taisnstūris	Matemātika
Sfēriskā_kosinusu_teorēma	Nogrieznis
Daļējā_frakciju_sadalīšana	Saskaitīšana
Sektors	Grāds_(leņķis)
Apgrieztais_reizinātājs	Nevienādība
Konuss	Laukums
Funkcijas_grafiks	Kvadrātfunkcija
Identitāte_(matemātika)	Komplekss_skaitlis
Pāra_un_nepāra_skaitļi	Pirmskaitlis
Eksistenciālā_izskaitļošana	Vispārējā_kvantifikācija
Vektoru_lauks	Koordinātu_sistēma
Polinoma_pakāpe	Vienādojums
Ekscentricitāte_(matemātika)	Matemātika
Funkcijas_grafiks	Pāra_un_nepāra_funkcijas
Reāls_skaitlis	Grīdas_un_griestu_funkcijas
Skalārais_reizinājums	Reizinājums_(matemātika)
Decimāllogaritms	Skaitlis
Logaritms	Reizināšana
Pitagora_teorēma	Kvadrātsakne
Fokuss_(ģeometrija)	Hiperbola
Ņūtona_binoms	Vesels_skaitlis
Monoms	Polinoms
Stāvums	Negatīvs_skaitlis
Daļējā_frakciju_sadalīšana	Polinoms
Leņķis	Matemātika
Trijstūru_risināšana	Ģeometrija
Plaknes_līkne	Plakne_(ģeometrija)
Atņemšana	Komplekss_skaitlis
Saskaitīšana	Matemātika
Absolūtā_vērtība	Reāls_skaitlis
Attālums	Funkcija
Kvadrātfunkcija	Riņķa_līnija
Sekvences_robeža	Reāls_skaitlis
Daudzstūris	Taisne
Pāra_un_nepāra_funkcijas	Funkcija
Decimāllogaritms	Reizināšana
Saskaitīšana	Logaritms
Taisnleņķis	Ģeometrija
Reālā_līnija	Atvērtā_kopa
Algebriska_izteiksme	Kāpināšana
Algebriska_izteiksme	Kvadrātsakne
Vesels_skaitlis	Atņemšana
Sfēriskā_kosinusu_teorēma	Sinusu_teorēma
Konuss	Ģeometrija
Reālā_līnija	Reāls_skaitlis
Fokuss_(ģeometrija)	Matemātika
Binomiālkoeficients	Ņūtona_binoms
Apgrieztais_reizinātājs	Dalīšana
Attālums	Reāls_skaitlis
Pitagora_trigonometriskā_identitāte	Pitagora_teorēma
Negatīvs_skaitlis	Komplekss_skaitlis
Reālā_līnija	Kopa
Racionāls_skaitlis	Negatīvs_skaitlis
Polinoms	Kāpināšana
Binārais_logaritms	Reizināšana
Rādiuss	Ģeometrija
Rotācija_(matemātika)	Matemātika
EDGE_(nozīmju_atdalīšana)	Punkts_(ģeometrija)
Attālums	Kopa
Konusa_šķēlums	Asu_rotācija
Elementārā_matrica	Matricu_reizināšana
Cilindrs_(ģeometrija)	Nogrieznis
Pāra_un_nepāra_funkcijas	Simetrija
Nevienādība	Negatīvs_skaitlis
Pāra_un_nepāra_funkcijas	Konstanta_funkcija
Funkcijas_robeža	Matemātika
Paplašinātā_reālo_skaitļu_taisne	Matemātika
Saskaitīšana	Eksponenciālā_funkcija
Summa	Aritmētika
Koordinātu_sākuma_punkts	Matemātika
Paralēlais_(ģeometrija)	Perpendikuls
Elementārā_matrica	Matrica
Monoms	Daļējā_frakciju_sadalīšana
Perpendikuls	Ģeometrija
Diapazons	Funkcija
Sadalīšana_reizinātājos	Komplekss_skaitlis
Reālā_līnija	Intervāls_(matemātika)
Lineārs_vienādojums	Matemātika
Vienādojumu_risināšana	Racionāls_skaitlis
Apgriezta_funkcija	Injektīvā_funkcija
Sakne_(matemātika)	Algebriska_izteiksme
Polinoms	Reizināšana
Sinuss	Kāpināšana
Zinātniskais_pieraksts	Binārais_logaritms
Algebra	Skaitlis
Trigonometriskā_riņķa_līnija	Riņķa_līnija
Matemātiskā_indukcija	Matemātisks_pierādījums
Racionāls_skaitlis	Algebriska_izteiksme
Vektoru_lauks	Taisne
Līnija–līnijas_krustojums	Ģeometrija
Nepārtraukta_funkcija	Funkcija
Racionālo_sakņu_teorēma	Skaitlis
Sinusu_teorēma	Sinuss
Naturāls_skaitlis	Skaitlis
Lineāra_funkcija	Rēķini
Summēt	Aritmētika
Racionālo_sakņu_teorēma	Dekarta_zīmju_likums
Lineārs_vienādojums	Vienādība_(matemātika)
Nevienādība	Algebra
Orientācija_(ģeometrija)	Ģeometrija
Reāls_skaitlis	Asociativitāte
Reizināšana	Asociativitāte
Attēls_(matemātika)	Diapazons
Injektīvā_funkcija	Matemātika
Algebra	Matemātika
Vienkārša_harmoniska_kustība	Orbītas_lielā_pusass
Vienādojums	Reizināšana
Apgrieztais_reizinātājs	Racionāls_skaitlis
Sintētiskā_dalīšana	Polinoma_pakāpe
Funkcijas_robeža	Robeža_(matemātika)
Matrica	Algebras_pamatteorēma
Funkcijas_robeža	Funkcija
Nulle_(kompleksā_analīze)	Skaitlis
Lineāru_vienādojumu_sistēma	Taisne
Vektoru_lauks	Matrica
Racionālo_sakņu_teorēma	Reizināšana
Reāls_skaitlis	Skalārs_(matemātika)
Daudzstūris	Matemātika
Riņķa_līnija	Pārvēršana_(funkcija)
Paralēlais_(ģeometrija)	Matemātika
Dalīšana_ar_nulli	Dalīšana
Taisnleņķa_trijstūris	Taisnleņķis
Naturālais_logaritms	Skaitlis
Riņķa_līnija	Matemātika
Inversās_trigonometriskās_funkcijas	Trigonometrija
Paplašinātā_reālo_skaitļu_taisne	Reāls_skaitlis
Minors_(lineārā_algebra)	Kvadrātmatrica
Periodiska_funkcija	Grīdas_un_griestu_funkcijas
Reāls_skaitlis	Taisne
Analītiskā_ģeometrija	Stāvums
Maksimums_un_minimums	Punktveida_funkcija
Riņķa_līnija	Saskaitīšana
Ģeometrija	Ģeometriskā_sērija
Elementārā_matrica	Saskaitīšana
Funkcijas_nulle	Polinoma_pakāpe
Vektoriālais_reizinājums	Skaitlis
Funkcija	Pitagora_teorēma
Distributīvā_īpašība	Dalīšana
Sinusoidāls_vilnis	Trigonometrija
Determinants	Kvadrātmatrica
Polinomu_dalīšana	Dalīšana
Pāra_un_nepāra_skaitļi	Matemātika
Polinoma_pakāpe	Aritmētika
Ģeometrija	Laukums
Naturāls_skaitlis	Polinoms
Racionālā_funkcija	Matemātika
Sintētiskā_dalīšana	Skaitlis
Pāra_un_nepāra_skaitļi	Saskaitīšana
Sektors	Taisne
Pārvēršana_(funkcija)	Nogrieznis
Horda_(matemātika)	Nogrieznis
E_(matemātiska_konstante)	Racionāls_skaitlis
Kvadrātmatrica	Matrica
Algebras_pamatteorēma	Skaitlis
Binomiālkoeficients	Reizināšana
Riņķa_līnija	Polinoms
Kompleksi_saistītais_skaitlis	Skaitlis
Injektīvā_funkcija	Funkcija
Analītiskā_ģeometrija	Koordinātu_sistēma
Reālā_līnija	Ģeometrija
Trigonometriskā_aizstāšana	Ģeometrija
Komutativitāte	Reizināšana
Reāls_skaitlis	Kvadrātvienādojums
Vertikālās_līnijas_tests	Matemātika
Vektoriālais_reizinājums	Matemātika
Dekarta_koordinātu_sistēma	Riņķa_līnija
Racionālo_sakņu_teorēma	Vienādojumu_risināšana
Funkcija	Asociativitāte
Pitagora_teorēma	Sfēriskā_kosinusu_teorēma
Taisnleņķa_trijstūris	Ģeometrija
Dalīšana	Pāra_un_nepāra_funkcijas
Algebriska_izteiksme	Vienādojums
Lineāru_vienādojumu_sistēma	Skaitlis
Attālums	Negatīvs_skaitlis
Kvadrātsakne	Kvadrāts_(algebra)
Absolūtā_vērtība	Zīme_(matemātika)
Pitagora_trigonometriskā_identitāte	Trigonometriskās_funkcijas
Minors_(lineārā_algebra)	Reizināšana
Daļējā_frakciju_sadalīšana	Sadalīšana_reizinātājos
Sinusu_teorēma	Nogrieznis
Matricas_gredzens	Matrica
Algebras_pamatteorēma	Matemātika
Pitagora_trigonometriskā_identitāte	Matemātika
Algebriskā_darbība	Skaitlis
Kvadrātvienādojums	Skaitlis
Taisnstūris	Ģeometrija
Orbītas_mazā_pusass	Nogrieznis
Matemātisks_pierādījums	Grīdas_un_griestu_funkcijas
Skalāra_reizināšana	Skaitlis
Lineārs_vienādojums	Vienādojums
Algebras_pamatteorēma	Saskaitīšana
Reizinājums_(matemātika)	Matemātika
Analītiskā_ģeometrija	Pitagora_teorēma
Sadalīšana_reizinātājos	Aritmētika
Reizināšana	Skaitlis
Pāra_un_nepāra_skaitļi	Determinants
Rēķini	Pārvietošana_(vektors)
Reāls_skaitlis	Funkciju_kompozīcija
Bāze_(kāpināšana)	Matemātika
Ekscentricitāte_(matemātika)	Ģeometrija
Tukša_kopa	Skaitlis
Pāra_un_nepāra_skaitļi	Robeža_(matemātika)
