Mathematics	Binomial_theorem
Mathematics	Analytic_geometry
Mathematics	Base_(exponentiation)
Mathematics	Sine
Mathematics	Series_(mathematics)
Number	Empty_sum
Base_(exponentiation)	Logarithm
Curve	Circular_motion
Mathematics	Cartesian_coordinate_system
Mathematics	Inequality_(mathematics)
Perpendicular	Analytic_geometry
Number	Matrix_multiplication
Polynomial	Algebraic_expression
Identity_matrix	Elementary_matrix
Perpendicular	Cartesian_coordinate_system
Mathematics	Dot_product
Mathematics	Differential_equation
Geometry	Vertical_line_test
Arithmetic	Subtraction
Pythagorean_theorem	Pythagorean_trigonometric_identity
Mathematics	Rotation_of_axes
Mathematics	Logarithm
Square_(algebra)	Algebraic_expression
Trigonometry	Pythagorean_trigonometric_identity
Function_(mathematics)	Inverse_function
Product_(mathematics)	Product_topology
Mathematics	Addition
Equation	Parametric_equation
Number	Rational_root_theorem
Vector_(mathematics_and_physics)	Vector_field
Geometry	Polygon
Geometry	Trigonometric_substitution
Mathematics	Homogeneous_polynomial
Number	Fundamental_theorem_of_algebra
Square_matrix	Minor_(linear_algebra)
Geometry	Linear_equation
Integer	Algebraic_expression
Mathematics	Algebraic_operation
Mathematics	Trigonometry
Line_(geometry)	Conic_section
Function_(mathematics)	Rational_function
Inequality_(mathematics)	Linear_inequality
Curve	Asymptote
Multiplication	Binary_logarithm
Complex_number	Complex_conjugate
Line_segment	Law_of_sines
Trigonometric_functions	Pythagorean_trigonometric_identity
Geometry	Angle
Geometry	Rectangle
Multiplication	Base_(exponentiation)
Line_(geometry)	Slope
Mathematics	Eccentricity_(mathematics)
Number	Basis_(linear_algebra)
Main_diagonal	Elementary_matrix
Number	Division_(mathematics)
Mathematics	Product_topology
Equation_solving	Rational_root_theorem
Polynomial	Rational_root_theorem
Polynomial	Fundamental_theorem_of_algebra
Mathematics	Monotonic_function
Set_(mathematics)	Empty_set
Mathematics	Conic_section
Binomial_theorem	Binomial_coefficient
Mathematics	Law_of_sines
Point_(geometry)	Law_of_sines
Matrix_(mathematics)	Determinant
Number	Quadratic_equation
Geometry	System_of_linear_equations
Number	Quadrant_(plane_geometry)
Integer	Polynomial
Number	Matrix_ring
Mathematics	Equality_(mathematics)
Integer	Rational_root_theorem
Mathematics	Slope
Arithmetic	Factorization
Mathematics	Graph_of_a_function
Addition	Descartes'_rule_of_signs
Plane_(geometry)	Cartesian_coordinate_system
Division_(mathematics)	Multiplicative_inverse
Geometry	Point_(geometry)
Mathematics	Geometric_series
Mathematics	Domain_of_a_function
Factorization	Partial_fraction_decomposition
Number	Real_line
Degree_of_a_polynomial	Polynomial_long_division
Multiplication	Algebraic_expression
Mathematics	Polynomial
Base_(exponentiation)	Common_logarithm
Mathematics	Natural_logarithm
Division_(mathematics)	Polynomial_long_division
Line_(geometry)	Unit_circle
Mathematics	Exponential_function
Mathematics	Arithmetic
Geometry	Radius
Mathematics	Right_angle
Geometry	Spherical_law_of_cosines
Mathematics	Binomial
Algebra	Linear_inequality
Mathematics	Common_logarithm
Function_(mathematics)	Continuous_function
Mathematics	Mereology
Sine	Sine_wave
Arithmetic	Descartes'_rule_of_signs
Mathematics	Solution_of_triangles
Arithmetic	Exponential_growth
Point_(geometry)	Solution_of_triangles
Mathematics	Mathematical_proof
Geometry	Focus_(geometry)
Mathematics	Image_(mathematics)
Line_(geometry)	Circular_sector
Function_(mathematics)	Periodic_function
Geometry	Line_(geometry)
Square_matrix	Identity_matrix
Mathematics	Division_by_zero
Line_(geometry)	Cone
Mathematics	Cubic_function
Exponentiation	Exponential_growth
Vector_(mathematics_and_physics)	Scalar_(mathematics)
Geometry	Rotation_(mathematics)
Mathematics	Quadratic_function
Force	Work_(physics)
Sign_(mathematics)	Absolute_value
Number	Cross_product
Equation	Rational_root_theorem
Multiplication	Polynomial
Mathematics	Perpendicular
Plane_(geometry)	Polar_coordinate_system
Mathematics	Linear_function
Real_number	Absolute_value
Multiplication	Rational_root_theorem
Mathematics	Limit_(mathematics)
Geometry	Unit_circle
Mathematics	Function_(mathematics)
Mathematics	Coordinate_system
Equality_(mathematics)	Simultaneous_equations
Number	Partial_fraction_decomposition
Arithmetic	Multiplication
Mathematics	Complex_plane
Multiplication	Common_logarithm
Mathematics	Synthetic_division
Equality_(mathematics)	Algebraic_equation
Arithmetic	Binary_logarithm
Equality_(mathematics)	Linear_equation
Mathematics	Arithmetic_mean
Logarithm	Natural_logarithm
Trigonometry	Sine
Mathematics	Even_and_odd_functions
Addition	Summation
Calculus	Limit_of_a_function
Series_(mathematics)	Geometric_series
Polynomial_long_division	Synthetic_division
Division_(mathematics)	Division_by_zero
Mathematics	Trigonometric_tables
Function_(mathematics)	Function_composition
Point_(geometry)	Origin_(mathematics)
Mathematics	Origin_(mathematics)
Domain_of_a_function	Zero_of_a_function
Exponentiation	Binary_logarithm
Line_(geometry)	Edge
Calculus	Linear_inequality
Geometry	Cone
Logarithm	Common_logarithm
Integer	Quadratic_formula
Equation	Quadratic_equation
Vector_space	Scalar_multiplication
Polynomial	Partial_fraction_decomposition
Addition	Algebraic_expression
Equality_(mathematics)	Equation
Geometry	Orientation_(geometry)
Curve	Eccentricity_(mathematics)
Arithmetic	Summation
Matrix_(mathematics)	Triangular_matrix
Number	Sum
Number	Binary_number
Mathematics	Circle
Summation	Empty_sum
Equality_(mathematics)	System_of_linear_equations
Mathematics	Quadratic_formula
Integer	Partial_fraction_decomposition
Circle	Unit_circle
Addition	Empty_sum
Number	Parametric_equation
Square_(algebra)	Square_root
Number	Square_(algebra)
Binomial	Binomial_theorem
Number	Binomial_theorem
Number	Analytic_geometry
Number	Base_(exponentiation)
Number	Inequality_(mathematics)
Geometry	Edge
Trigonometry	Law_of_sines
Addition	Degree_of_a_polynomial
Mathematics	Constant_function
Line_(geometry)	Plane_curve
Number	Dot_product
Circle	Cone
Number	Differential_equation
Addition	Rational_root_theorem
Mathematics	Product_(mathematics)
Number	Rotation_of_axes
Number	Logarithm
Mathematics	Exponentiation
Addition	Fundamental_theorem_of_algebra
Arithmetic	Empty_sum
Mathematics	Degree_(angle)
Mathematics	Square_root
Matrix_(mathematics)	Main_diagonal
Angle	Triangle
Mathematics	Pythagorean_theorem
Equation	Quadratic_formula
Number	Addition
Mathematics	Line_segment
Polynomial	Binomial_theorem
Point_(geometry)	Line_segment
Number	Binomial_coefficient
Binomial	Binomial_coefficient
Line_(geometry)	Secant_line
Arithmetic	Matrix_multiplication
Number	Homogeneous_polynomial
Multiplication	Quadratic_formula
Mathematics	Line–line_intersection
Point_(geometry)	Line–line_intersection
Number	Algebraic_operation
Multiplication	Cross_product
Line_(geometry)	Vertical_line_test
Arithmetic	Degree_of_a_polynomial
Determinant	Minor_(linear_algebra)
Matrix_(mathematics)	Elementary_matrix
Mathematics	Triangular_matrix
Integer	Binomial_theorem
Mathematics	Formula
Geometry	Plane_(geometry)
Arithmetic	Rational_root_theorem
Mathematics	Operation_(mathematics)
Arithmetic	Fundamental_theorem_of_algebra
Line_(geometry)	Polygon
Line_(geometry)	Linear_equation
Multiplication	Partial_fraction_decomposition
Line_segment	Polygon
Polynomial	Binomial_coefficient
Trigonometry	Solution_of_triangles
Number	Product_topology
Real_number	Zero_(complex_analysis)
Polynomial	Homogeneous_polynomial
Multiplication	Product_(mathematics)
Complex_number	Fundamental_theorem_of_algebra
Multiplication	Exponentiation
Addition	Matrix_ring
Cone	Conic_section
Mathematics	Interval_(mathematics)
Curve	Ellipse
Mathematics	Vertical_line_test
Integer	Binomial_coefficient
Geometry	Secant_line
Equality_(mathematics)	Fundamental_theorem_of_algebra
Integer	Homogeneous_polynomial
Mathematics	Trigonometric_substitution
Mathematics	Algebraic_equation
Function_(mathematics)	Graph_of_a_function
Vector_(mathematics_and_physics)	Euclidean_vector
Mathematics	Piecewise
Equality_(mathematics)	Identity_(mathematics)
Line_(geometry)	System_of_linear_equations
Mathematics	Extended_real_number_line
Number	Polynomial
Arithmetic	Matrix_ring
Number	Natural_logarithm
Mathematics	Angle
Mathematics	Rectangle
Mathematics	Binomial_coefficient
Number	Exponential_function
Number	Absolute_value
Integer	Polynomial_long_division
Trigonometry	Trigonometric_tables
Equation	Analytic_geometry
Mathematics	Multiplication
Coordinate_system	Quadrant_(plane_geometry)
Number	Binomial
Multiplication	Binomial_theorem
Number	Common_logarithm
Inverse_function	Inverse_trigonometric_functions
Sine	Inverse_trigonometric_functions
Mathematics	Equation
Equation	Inequality_(mathematics)
Mathematics	Multiplicative_inverse
Equality_(mathematics)	Equation_solving
Mathematics	Floor_and_ceiling_functions
Number	Division_by_zero
Equation	Differential_equation
Mathematics	System_of_linear_equations
Mathematics	Polynomial_long_division
Multiplication	Dot_product
Line_(geometry)	Radius
Curve	Circle
Multiplication	Logarithm
Line_segment	Radius
Geometry	Sine
Real_number	Extended_real_number_line
Function_(mathematics)	Quadratic_function
Polynomial	Binomial
Geometry	Cartesian_coordinate_system
Multiplication	Binomial_coefficient
Mathematics	Point_(geometry)
Real_number	Imaginary_number
Vector_(mathematics_and_physics)	Vector_space
Multiplication	Homogeneous_polynomial
Mathematics	Parity_(mathematics)
Line_(geometry)	Sine_wave
Line_(geometry)	Chord_(geometry)
Plane_(geometry)	Analytic_geometry
Number	Coordinate_system
Base_(exponentiation)	Natural_logarithm
Geometry	Rotation_of_axes
Mathematics	Limit_of_a_function
Arithmetic	Cross_product
Number	Synthetic_division
Integer	Binomial
Square_matrix	Elementary_matrix
Mathematics	Radius
Point_(geometry)	Radius
Mathematics	Linear_inequality
Function_(mathematics)	Even_and_odd_functions
Mathematics	Calculus
Geometry	Trigonometry
Mathematics	Focus_(geometry)
Mathematics	Scalar_multiplication
Multiplication	Polynomial_long_division
Multiplication	Product_topology
Mathematics	Line_(geometry)
Mathematics	Rotation_(mathematics)
Polynomial	Synthetic_division
Angle	Analytic_geometry
Sine	Law_of_sines
Geometry	Cylinder_(geometry)
Number	Real_number
Geometry	Polar_coordinate_system
Matrix_(mathematics)	Square_matrix
Geometry	Sine_wave
Angle	Cartesian_coordinate_system
Geometry	Chord_(geometry)
Addition	Binomial_theorem
Calculus	Series_(mathematics)
Number	Quadratic_formula
Mathematics	Unit_circle
Line_(geometry)	Triangle
Force	Simple_harmonic_motion
Mathematics	Inverse_function
Integer	Synthetic_division
Main_diagonal	Identity_matrix
Multiplication	Natural_logarithm
Real_number	Complex_number
Multiplication	Exponential_function
Multiplication	Scalar_multiplication
Mathematics	Degree_of_a_polynomial
Mathematical_proof	Mathematical_induction
Trigonometry	Inverse_trigonometric_functions
Mathematics	Circular_sector
Mathematics	Rational_function
Trigonometry	Trigonometric_functions
Multiplication	Binomial
Mathematics	Cone
Line_(geometry)	Circular_motion
Number	Zero_(complex_analysis)
Polynomial	Quadratic_formula
Number	Product_(mathematics)
Addition	Homogeneous_polynomial
Number	Exponentiation
Mathematics	Identity_(mathematics)
Arithmetic	Base_(exponentiation)
Geometry	Curve
Matrix_(mathematics)	Invertible_matrix
Vector_(mathematics_and_physics)	Norm_(mathematics)
Number	Square_root
Trigonometric_functions	Inverse_trigonometric_functions
Algebra	Fundamental_theorem_of_algebra
Number	Natural_number
Trigonometry	Trigonometric_substitution
Exponentiation	Base_(exponentiation)
Arithmetic	Dot_product
Line_(geometry)	Real_line
Line_segment	Edge
Geometry	Solution_of_triangles
Coordinate_system	Analytic_geometry
Equality_(mathematics)	Parametric_equation
Circle	Chord_(geometry)
Geometry	Triangle
Square_matrix	Determinant
Mathematics	Subtraction
Coordinate_system	Cartesian_coordinate_system
Arithmetic	Addition
Angle	Law_of_sines
Mathematics	Equation_solving
Equality_(mathematics)	Analytic_geometry
Arithmetic	Homogeneous_polynomial
Algebra	Basis_(linear_algebra)
Coordinate_system	Rotation_of_axes
Multiplication	Synthetic_division
Geometry	Ellipse
Geometry	Perpendicular
Function_(mathematics)	Transformation_(function)
Mathematics	Edge
Equality_(mathematics)	Differential_equation
Point_(geometry)	Edge
Geometry	Quadrant_(plane_geometry)
Graph_of_a_function	Vertical_line_test
Polygon	Triangle
Geometry	Circular_motion
Function_(mathematics)	Inverse_trigonometric_functions
Curve	Conic_section
Geometry	Pythagorean_trigonometric_identity
Calculus	Geometric_series
Arithmetic	Algebraic_expression
Quadratic_equation	Quadratic_formula
Number	E_(mathematical_constant)
Vector_(mathematics_and_physics)	Scalar_multiplication
Mathematics	Injective_function
Mathematics	Continuous_function
Exponentiation	Algebraic_expression
Mathematics	Limit_of_a_sequence
Geometry	Real_line
Addition	Polynomial
Geometry	Trigonometric_tables
Number	Algebraic_equation
Mathematics	Periodic_function
Euclidean_vector	Position_(vector)
Plane_(geometry)	Complex_plane
Mathematics	Range_(mathematics)
Angle	Solution_of_triangles
Conic_section	Eccentricity_(mathematics)
Number	Extended_real_number_line
Real_number	Complex_conjugate
Function_(mathematics)	Piecewise
Coordinate_system	Polar_coordinate_system
Number	Rational_number
Mathematics	Geometry
Geometry	Asymptote
Number	Imaginary_number
Mathematics	Plane_(geometry)
Mathematics	Factorization
Matrix_(mathematics)	Minor_(linear_algebra)
Mathematics	Dependent_and_independent_variables
Number	Multiplication
Number	Equation
Number	Multiplicative_inverse
Arithmetic	Polynomial
Angle	Perpendicular
Sign_(mathematics)	Inverse_element
Mathematics	Plane_curve
Geometry	Circle
Integer	Descartes'_rule_of_signs
Arithmetic	Exponential_function
Circle	Circular_motion
Mathematics	Zero_of_a_function
Number	Floor_and_ceiling_functions
Limit_(mathematics)	Limit_of_a_function
Number	System_of_linear_equations
Number	Polynomial_long_division
Calculus	Limit_(mathematics)
Arithmetic	Common_logarithm
Geometry	Right_triangle
Curve	Unit_circle
Mathematics	Secant_line
Set_(mathematics)	Set-builder_notation
E_(mathematical_constant)	Natural_logarithm
Function_(mathematics)	Monotonic_function
Mathematics	Descartes'_rule_of_signs
Mathematics	Exponential_growth
Exponentiation	Common_logarithm
Number	Integer
Line_(geometry)	Parallel_(geometry)
Addition	Synthetic_division
Equality_(mathematics)	Rational_root_theorem
Multiplication	Factorization
Arithmetic	Division_(mathematics)
Mathematics	Simultaneous_equations
Curve	Circular_sector
Mathematics	Polygon
Point_(geometry)	Polygon
Line_(geometry)	Analytic_geometry
Mathematics	Linear_equation
Polynomial	Polynomial_long_division
Curve	Cone
Mathematics	Expression_(mathematics)
Geometry	Line_segment
Line_(geometry)	Cartesian_coordinate_system
Number	Linear_inequality
Function_(mathematics)	Domain_of_a_function
Base_(exponentiation)	Binary_logarithm
Number	Scalar_multiplication
Number	Complex_number
Square_root	Algebraic_expression
Function_(mathematics)	Exponential_function
Arithmetic	Synthetic_division
Arithmetic	Arithmetic_mean
Linear_function	Linear_inequality
Cartesian_coordinate_system	Analytic_geometry
Multiplication	Descartes'_rule_of_signs
Multiplication	Exponential_growth
Mathematics	Binary_logarithm
Set_(mathematics)	Open_set
Equation	Simultaneous_equations
Angle	Right_triangle
Addition	Quadratic_formula
Scalar_(mathematics)	Scalar_multiplication
Equality_(mathematics)	Quadratic_equation
Function_(mathematics)	Image_(mathematics)
Geometry	Parallel_(geometry)
Equation	Algebraic_equation
Equation	Linear_equation
Plane_(geometry)	Plane_curve
Geometry	Inverse_trigonometric_functions
Triangle	Right_triangle
Matrix_(mathematics)	Identity_matrix
Geometry	Trigonometric_functions
Function_(mathematics)	Cubic_function
Line_(geometry)	Eccentricity_(mathematics)
Geometry	Analytic_geometry
Algebra	Square_(algebra)
Matrix_(mathematics)	Matrix_multiplication
Addition	Partial_fraction_decomposition
Rational_number	Rational_root_theorem
Exponential_function	Exponential_growth
Algebra	Inequality_(mathematics)
Angle	Degree_(angle)
Number	Degree_of_a_polynomial
Function_(mathematics)	Linear_function
Mathematics	Summation
Arithmetic	Quadratic_formula
Line_segment	Chord_(geometry)
Line_(geometry)	Law_of_sines
Multiplication	Multiplicative_inverse
Mathematics	Spherical_law_of_cosines
Equation	System_of_linear_equations
Mathematics	Algebraic_expression
Algebra	Algebraic_operation
Polynomial	Degree_of_a_polynomial
Arithmetic	Partial_fraction_decomposition
Mathematics	Algebra
Mathematics	Cylinder_(geometry)
Equality_(mathematics)	Quadratic_formula
Logarithm	Binary_logarithm
Mathematics	Polar_coordinate_system
Mathematics	Sine_wave
Arithmetic	Product_(mathematics)
Point_(geometry)	Chord_(geometry)
Mathematics	Chord_(geometry)
Arithmetic	Exponentiation
Geometry	Eccentricity_(mathematics)
Addition	Sum
Number	Subtraction
Line_(geometry)	Curve
Mathematics	List_of_mathematical_symbols
Algebra	Algebraic_expression
Number	Equation_solving
Complex_number	Zero_(complex_analysis)
Mathematics	Empty_sum
Curve	Plane_curve
Integer	Degree_of_a_polynomial
Set_(mathematics)	Closed_set
Number	Complex_conjugate
Integer	Fundamental_theorem_of_algebra
Line_(geometry)	Solution_of_triangles
Mathematics	Matrix_multiplication
Matrix_(mathematics)	Matrix_ring
Equation	Linear_inequality
Geometry	Conic_section
Vector_space	Scalar_(mathematics)
Geometry	Law_of_sines
Line_segment	Solution_of_triangles
Rational_number	Real_line
Curve	Secant_line
Line_segment	Triangle
Geometry	Slope
Arithmetic	Sum
Angle	Rectangle
Mathematics	Rational_root_theorem
Mathematics	Curve
Mathematics	Fundamental_theorem_of_algebra
Line_(geometry)	Ellipse
Line_(geometry)	Perpendicular
Function_(mathematics)	Injective_function
Polygon	Law_of_sines
Addition	Binomial_coefficient
Arithmetic	Binomial_theorem
Function_(mathematics)	Constant_function
Mathematics	Triangle
Point_(geometry)	Triangle
Circle	Eccentricity_(mathematics)
Function_(mathematics)	Range_(mathematics)
Mathematics	Mathematical_analysis
Geometry	Right_angle
Multiplication	Matrix_multiplication
Right_angle	Right_triangle
Mathematics	Basis_(linear_algebra)
Mathematics	Orientation_(geometry)
Vector_(mathematics_and_physics)	Position_(vector)
Mathematics	Division_(mathematics)
Number	Factorization
Arithmetic	Logarithm
Function_(mathematics)	Dependent_and_independent_variables
Mathematics	Ellipse
Multiplication	Degree_of_a_polynomial
Circle	Conic_section
Equation	Fundamental_theorem_of_algebra
Addition	Polynomial_long_division
Trigonometric_functions	Trigonometric_substitution
Real_number	Fundamental_theorem_of_algebra
Mathematics	Quadrant_(plane_geometry)
Arithmetic	Binomial_coefficient
Mathematics	Quadratic_equation
Mathematics	Circular_motion
Multiplication	Fundamental_theorem_of_algebra
Exponentiation	Logarithm
Line_(geometry)	Asymptote
Mathematics	Matrix_ring
Equality_(mathematics)	Inequality_(mathematics)
Number	Negative_number
Triangle	Law_of_sines
Function_(mathematics)	Zero_of_a_function
Mathematics	Pythagorean_trigonometric_identity
Polygon	Solution_of_triangles
Complex_number	Imaginary_number
Arithmetic	Multiplicative_inverse
Mathematics	Real_line
Number	Descartes'_rule_of_signs
Line_(geometry)	Circle
Number	Exponential_growth
Geometry	Circular_sector
Geometry	Coordinate_system
Geometry	Complex_plane
Function_(mathematics)	Vertical_line_test
Function_(mathematics)	Exponential_growth
Arithmetic	Polynomial_long_division
Arithmetic	Product_topology
Product_(mathematics)	Cross_product
Number	Simultaneous_equations
Line_(geometry)	Right_triangle
Mathematics	Asymptote
Equation	Equation_solving
Geometry	Origin_(mathematics)
Angle	Right_angle
Number	Linear_equation
Mathematics	Mathematical_induction
Line_segment	Right_triangle
Addition	Binomial
Polynomial	Descartes'_rule_of_signs
Degree_of_a_polynomial	Synthetic_division
Triangle	Solution_of_triangles
Division_(mathematics)	Synthetic_division
Trigonometry	Spherical_law_of_cosines
Real_number	Real_line
Mathematics	Cross_product
Plane_(geometry)	Orientation_(geometry)
Curve	Sine_wave
Line_(geometry)	Line_segment
Curve	Chord_(geometry)
Number	Binary_logarithm
Mathematics	Right_triangle
Point_(geometry)	Right_triangle
Arithmetic	Natural_logarithm
Function_(mathematics)	Binary_logarithm
Arithmetic	Scalar_multiplication
Trigonometry	Sine_wave
Number	Cartesian_coordinate_system
Calculus	Linear_function
Circle	Circular_sector
Trigonometric_functions	Spherical_law_of_cosines
Exponentiation	Natural_logarithm
Mathematics	Partial_fraction_decomposition
Arithmetic	Binomial
Exponentiation	Exponential_function
Mathematics	Function_composition
Equality_(mathematics)	Linear_inequality
Arithmetic	Division_by_zero
Number	Summation
Geometry	Degree_(angle)
Function_(mathematics)	Limit_of_a_function
Polygon	Right_triangle
Geometry	Pythagorean_theorem
Algebra	Square_root
Cone	Eccentricity_(mathematics)
Geometry	Line–line_intersection
Function_(mathematics)	Linear_inequality
Product_(mathematics)	Dot_product
Division_(mathematics)	Partial_fraction_decomposition
Number	Algebraic_expression
Linear_equation	System_of_linear_equations
Mathematics	Sum
Mathematics	Transformation_(function)
Distance	Analytic_geometry
Number	Algebra
Mathematics	Parallel_(geometry)
Mathematics	Parametric_equation
Number	Polar_coordinate_system
Mathematics	Inverse_trigonometric_functions
Geometry	Plane_curve
Distance	Cartesian_coordinate_system
Mathematics	Trigonometric_functions
Mathematics	Square_(algebra)
Homogeneous_polynomial	Multiplication
Binary_logarithm	Division_(mathematics)
Point_(geometry)	Mathematics
Zero_(complex_analysis)	Real_number
Equation_solving	Line_(geometry)
Rational_function	Function_(mathematics)
Algebraic_operation	Mathematics
Fundamental_theorem_of_algebra	Equality_(mathematics)
Zero_of_a_function	Mathematics
Angle	Geometry
Binomial	Arithmetic
Fundamental_theorem_of_algebra	Polynomial
Division_by_zero	Arithmetic
Function_composition	Mathematics
Inequality_(mathematics)	Natural_logarithm
Set-builder_notation	Rational_number
Vertical_line_test	Function_(mathematics)
Multiplication	Mathematics
Partial_fraction_decomposition	Integer
Matrix_ring	Number
Real_number	Logarithm
Cone	Perpendicular
Division_(mathematics)	Rational_number
Graph_of_a_function	Quadratic_equation
Real_number	Addition
Multiplication	Addition
Perpendicular	Law_of_sines
Focus_(geometry)	Geometry
Dot_product	Number
Sine	Trigonometry
Algebraic_expression	Commutative_property
Division_(mathematics)	Floor_and_ceiling_functions
Monotonic_function	Mathematics
Simultaneous_equations	Mathematics
Basis_(linear_algebra)	Number
Rotation_(mathematics)	Geometry
Circular_sector	Mathematics
Circular_motion	Curve
Zero_of_a_function	Polynomial
Matrix_ring	Mathematics
Minute_and_second_of_arc	Degree_(angle)
Function_composition	Polynomial
Real_number	Polynomial
Fundamental_theorem_of_algebra	Real_number
Algebraic_equation	Mathematics
Complex_conjugate	Real_number
Matrix_ring	Addition
Real_number	Exponential_function
Hyperbola	Transformation_(function)
Multiplicative_inverse	Degree_of_a_polynomial
Unit_circle	Line_(geometry)
Complex_number	Associative_property
Exponentiation	Associative_property
Dot_product	Mathematics
Rational_number	Exponentiation
Synthetic_division	Partial_fraction_decomposition
Sum	Number
Change_of_variables	Monomial
Rational_number	Natural_number
Basis_(linear_algebra)	Mathematics
Linear_equation	Geometry
Simultaneous_equations	Equality_(mathematics)
Zero_of_a_function	Function_(mathematics)
Equation_solving	Number
Eccentricity_(mathematics)	Curve
Real_number	Linear_function
Binary_logarithm	Rational_number
Function_composition	Function_(mathematics)
Real_number	Function_(mathematics)
Cubic_function	Mathematics
Identity_(mathematics)	Exponentiation
Periodic_function	Amplitude
Solution_of_triangles	Angle
Zero_(complex_analysis)	Complex_number
Algebraic_expression	Square_(algebra)
Integer	Exponentiation
Algebraic_equation	Equality_(mathematics)
Graph_of_a_function	Mathematics
Real_number	Open_set
Function_(mathematics)	Mathematics
Right_angle	Angle
Piecewise	Mathematics
Complex_number	Line_(geometry)
Quadratic_function	Mathematics
Empty_set	Open_set
Equation	Circle
Quadratic_equation	Partial_fraction_decomposition
Function_(mathematics)	Addition
Solution_of_triangles	Point_(geometry)
Rational_number	Multiplication
Zero_of_a_function	Constant_function
Empty_set	Real_number
Equation_solving	Mathematics
Rational_function	Complex_number
Floor_and_ceiling_functions	Number
Closed_set	Empty_set
Analytic_geometry	Plane_(geometry)
Scalar_multiplication	Vector_space
Descartes'_rule_of_signs	Number
Algebraic_expression	Algebra
Inequality_(mathematics)	Multiplication
Subtraction	Natural_number
Multiplicative_inverse	Number
Vector_field	Vector_(mathematics_and_physics)
Force	Displacement_(vector)
Integer	Logarithm
Polygon	Geometry
Analytic_geometry	Number
Parallel_(geometry)	Geometry
Rotation_of_axes	Coordinate_system
Graph_of_a_function	Polynomial
Exponential_function	Exponentiation
Graph_of_a_function	Exponential_function
Circle	Geometry
Radius	Point_(geometry)
Algebraic_expression	Arithmetic
Function_(mathematics)	Polynomial
Norm_(mathematics)	Vector_(mathematics_and_physics)
Negative_number	Exponentiation
Perpendicular	Angle
Equation_solving	Equality_(mathematics)
Quadratic_function	Polynomial
Real_number	Interval_(mathematics)
Negative_number	Natural_number
Square_(algebra)	Parity_(mathematics)
Fundamental_theorem_of_algebra	Complex_number
Complex_conjugate	Complex_number
Empty_set	Interval_(mathematics)
Multiplicative_inverse	Mathematics
Equation_solving	Polynomial
Cubic_function	Function_(mathematics)
Law_of_sines	Point_(geometry)
Algebra	Sign_(mathematics)
Division_(mathematics)	Associative_property
Circle	Secant_line
Zero_of_a_function	Equation
Graph_of_a_function	Linear_function
Differential_equation	Mathematics
Calculus	Secant_line
Line_segment	Line_(geometry)
Graph_of_a_function	Function_(mathematics)
Pythagorean_trigonometric_identity	Unit_circle
Degree_of_a_polynomial	Multiplication
Rational_root_theorem	Rational_number
Nth_root	Equation_solving
Real_number	Equation
Ellipse	Cone
Edge	Line_segment
Scalar_multiplication	Vector_(mathematics_and_physics)
Periodic_function	Mathematics
Cartesian_coordinate_system	Line_(geometry)
Unit_circle	Mathematics
Exponential_function	Multiplication
Exponentiation	Number
Function_(mathematics)	Open_set
Trigonometric_tables	Trigonometry
Graph_of_a_function	Real_number
Empty_sum	Summation
Zero_of_a_function	Complex_number
Series_(mathematics)	Floor_and_ceiling_functions
Natural_number	Integer
Sine	Slope
Commutative_property	Union_(set_theory)
Simultaneous_equations	Equation
Vertical_line_test	Geometry
Sine_wave	Simple_harmonic_motion
Differential_equation	Equality_(mathematics)
Main_diagonal	Matrix_multiplication
Polynomial_long_division	Degree_of_a_polynomial
Eccentricity_(mathematics)	Conic_section
Perpendicular	Linear_function
Vector_field	Geometry
Arithmetic	Mathematics
Slope	Parallel_(geometry)
Real_number	Unit_circle
Algebraic_equation	Equation
Exponentiation	Mathematics
Trigonometric_functions	Mathematics
Main_diagonal	Matrix_(mathematics)
Matrix_multiplication	Mathematics
Pythagorean_trigonometric_identity	Geometry
Degree_(angle)	Mathematics
Mathematical_induction	Mathematics
Equation	Coordinate_system
Quadrant_(plane_geometry)	Number
Factorization	Multiplication
Real_number	Rational_function
Complex_number	Logarithm
Sine_wave	Line_(geometry)
Complex_number	Addition
Inverse_function	Function_(mathematics)
E_(mathematical_constant)	Logarithm
Square_root	Number
Division_by_zero	Number
Factorization	Polynomial_long_division
Quadratic_equation	Circle
Circle	Curve
Real_number	Subtraction
Cartesian_coordinate_system	Plane_(geometry)
Domain_of_a_function	Inequality_(mathematics)
Periodic_function	Function_(mathematics)
Point_(geometry)	Geometry
Linear_inequality	Calculus
Multiplicative_inverse	Real_number
Limit_(mathematics)	Infinity
Sine_wave	Amplitude
Binomial	Multiplication
Mathematical_proof	Mathematics
Quadrant_(plane_geometry)	Mathematics
Position_(vector)	Euclidean_vector
Complex_plane	Plane_(geometry)
Exponential_growth	Number
Quadratic_formula	Number
Distributive_property	Number
Complex_number	Polynomial
Complex_number	Exponential_function
Polynomial_long_division	Number
E_(mathematical_constant)	Polynomial
Scientific_notation	Multiplication
Limit_(mathematics)	Calculus
E_(mathematical_constant)	Exponential_function
Parity_(mathematics)	Arithmetic
Inverse_function	Range_(mathematics)
Binomial_coefficient	Binomial
Polynomial_long_division	Descartes'_rule_of_signs
Linear_inequality	Linear_function
Real_number	Factorization
Sine	Pythagorean_theorem
Conic_section	Curve
Right_triangle	Mathematics
Linear_inequality	Function_(mathematics)
Real_line	Multiplication
Fundamental_theorem_of_algebra	Integer
Open_set	Set_(mathematics)
Line_(geometry)	Mathematics
Integer	Equation
Limit_of_a_sequence	Parity_(mathematics)
Focus_(geometry)	Perpendicular
Injective_function	Maxima_and_minima
Mathematical_analysis	Mathematics
Graph_of_a_function	Complex_number
Division_(mathematics)	Number
Change_of_variables	Equation
Ellipse	Line_(geometry)
Even_and_odd_functions	Multiplication
Cartesian_coordinate_system	Mathematics
Multiplicative_inverse	Interval_(mathematics)
Geometry	Transformation_(function)
Quadrant_(plane_geometry)	Graph_of_a_function
Quadratic_formula	Mathematics
Logarithm	Number
Solution_of_triangles	Triangle
Minor_(linear_algebra)	Binomial
Equation_solving	Complex_number
Circular_sector	Geometry
Imaginary_number	Real_number
Geometry	Mathematics
Complex_plane	Mathematics
Analytic_geometry	Cartesian_coordinate_system
Law_of_sines	Trigonometry
Quadratic_formula	Addition
Even_and_odd_functions	Parity_(mathematics)
Rectangle	Angle
Distributive_property	Addition
Subtraction	Equation
Addition	Exponentiation
Real_number	Sign_(mathematics)
Complex_number	Real_number
Geometry	Addition
Inverse_trigonometric_functions	Trigonometric_functions
Polar_coordinate_system	Plane_(geometry)
Division_(mathematics)	Mathematics
Real_number	Position_(vector)
Empty_sum	Mathematics
Perpendicular	Spherical_law_of_cosines
Inverse_trigonometric_functions	Mathematics
Differential_equation	Equation
Integer	Unit_circle
Domain_of_a_function	Even_and_odd_functions
Logarithm	Base_(exponentiation)
Cartesian_coordinate_system	Distance
Real_number	Integer
Homogeneous_polynomial	Arithmetic
Division_(mathematics)	Addition
Polar_coordinate_system	Number
Empty_sum	Addition
Product_(mathematics)	Arithmetic
Cartesian_coordinate_system	Graph_of_a_function
Inequality_(mathematics)	Division_(mathematics)
Quadratic_formula	Equality_(mathematics)
Triangle	Mathematics
Limit_(mathematics)	Range_(mathematics)
Equation	Line_(geometry)
Real_number	Algebraic_expression
Quadratic_formula	Polynomial
Binary_logarithm	Number
Multiplicative_inverse	Complex_number
Law_of_sines	Triangle
Work_(physics)	Scalar_multiplication
Mathematical_proof	Real_number
Common_logarithm	Base_(exponentiation)
Fundamental_theorem_of_algebra	Prime_number
Common_logarithm	Mathematics
Linear_inequality	Linear_equation
Chord_(geometry)	Circle
Rational_number	Circle
Common_logarithm	Logarithm
Complex_number	Rationalisation_(mathematics)
Limit_of_a_sequence	Range_(mathematics)
Simple_harmonic_motion	Periodic_function
Polar_coordinate_system	Mathematics
Division_(mathematics)	Polynomial
Circle	Law_of_sines
Linear_inequality	Equation
Binomial_theorem	Arithmetic
Binary_logarithm	Base_(exponentiation)
Commutative_property	Associative_property
Binary_logarithm	Mathematics
Plane_curve	Mathematics
Polynomial	Number
Binary_logarithm	Addition
Polynomial_long_division	Asymptote
Summation	Binomial
Cartesian_coordinate_system	Real_number
Zero_of_a_function	Prime_number
Distributive_property	Real_number
Subtraction	Commutative_property
Integer	Negative_number
Curve	Line_(geometry)
Inverse_trigonometric_functions	Function_(mathematics)
Algebraic_expression	Multiplication
Nth_root	Rational_number
Circular_sector	Curve
Imaginary_number	Complex_number
Integer	Union_(set_theory)
Analytic_geometry	Circle
Ellipse	Mathematics
Function_(mathematics)	Floor_and_ceiling_functions
Polynomial_long_division	Partial_fraction_decomposition
Geometry	Symmetry
E_(mathematical_constant)	Complex_number
Vector_(mathematics_and_physics)	Matrix_(mathematics)
Area	Law_of_sines
Function_(mathematics)	Integer
Closed_set	Union_(set_theory)
Identity_(mathematics)	Sine
Subtraction	Negative_number
Origin_(mathematics)	Point_(geometry)
Complex_number	Unit_circle
Equation	Number
Product_topology	Arithmetic
Limit_of_a_function	Calculus
Equation_solving	Integer
Triangular_matrix	Matrix_(mathematics)
Natural_number	Function_composition
Unit_circle	Geometry
Formula	Arithmetic
Common_logarithm	Real_number
Cylinder_(geometry)	Line_(geometry)
Square_(algebra)	Algebra
Cone	Curve
Scalar_multiplication	Scalar_(mathematics)
Angle	Minute_and_second_of_arc
Closed_set	Rational_number
Cartesian_coordinate_system	Equation
Real_number	Binomial_theorem
Conic_section	Semi-minor_axis
Rational_root_theorem	Mathematics
Interval_(mathematics)	Piecewise
Geometry	Equation
Minor_(linear_algebra)	Matrix_(mathematics)
Descartes'_rule_of_signs	Integer
Scientific_notation	Common_logarithm
Multiplicative_inverse	Integer
Natural_number	Logarithm
Rational_root_theorem	Addition
Series_(mathematics)	Mathematics
Natural_number	Addition
Matrix_multiplication	Vector_field
Subtraction	Algebraic_expression
Trigonometric_functions	Geometry
Degree_(angle)	Geometry
Cartesian_coordinate_system	Complex_number
Determinant	Matrix_(mathematics)
Polygon	Point_(geometry)
Binomial_coefficient	Number
Asymptote	Plane_curve
Integer	Scientific_notation
Set_(mathematics)	Associative_property
Cartesian_coordinate_system	Unit_circle
Rational_root_theorem	Equality_(mathematics)
Solution_of_triangles	Line_segment
Natural_logarithm	Base_(exponentiation)
Equation	Polynomial
Natural_logarithm	Mathematics
Subtraction	Arithmetic
Division_(mathematics)	Complex_number
Rational_root_theorem	Polynomial
Curve	Mathematics
Distance	Real_line
Inverse_trigonometric_functions	Complex_number
Natural_logarithm	Logarithm
Triangular_matrix	Mathematics
Trigonometry	Mathematics
Quadrant_(plane_geometry)	Geometry
Rational_number	Pythagorean_theorem
Derivative	Linear_function
Real_number	Set-builder_notation
Real_line	Circle
Triangle	Spherical_law_of_cosines
Fundamental_theorem_of_algebra	Exponentiation
Exponential_function	Arithmetic
Subtraction	Scientific_notation
Inverse_trigonometric_functions	Unit_circle
Scalar_(mathematics)	Vector_space
Parametric_equation	Number
Unit_circle	Curve
Radius	Line_segment
Linear_inequality	Algebra
Circular_motion	Circle
Line_(geometry)	Geometry
Elementary_matrix	Determinant
Derivative	Displacement_(vector)
Base_(exponentiation)	Exponentiation
Mathematics	Symmetry
Synthetic_division	Mathematics
Division_(mathematics)	Subtraction
Homogeneous_polynomial	Number
Natural_logarithm	Exponential_function
E_(mathematical_constant)	Algebraic_expression
Cartesian_coordinate_system	Geometry
Slope	Line_(geometry)
Pythagorean_theorem	Geometric_series
Asymptote	Line_(geometry)
Synthetic_division	Addition
Complex_plane	Geometry
Factorization	Binomial
Vector_(mathematics_and_physics)	Derivative
Function_composition	Exponentiation
Natural_number	Set_(mathematics)
Binomial_coefficient	Polynomial
System_of_linear_equations	Mathematics
Work_(physics)	Force
Real_number	Exponentiation
Base_(exponentiation)	E_(mathematical_constant)
Eccentricity_(mathematics)	Circle
Derivative	Dependent_and_independent_variables
Real_number	Natural_number
Matrix_multiplication	Arithmetic
Natural_logarithm	Function_(mathematics)
Square_(algebra)	Imaginary_number
Law_of_sines	Polygon
Real_line	Rational_number
Product_(mathematics)	Multiplication
Inverse_trigonometric_functions	Geometry
Empty_set	Natural_number
Scientific_notation	Floor_and_ceiling_functions
Geometry	Graph_(mathematics)
Quadratic_equation	Mathematics
Transformation_(function)	Line_(geometry)
Chord_(geometry)	Line_(geometry)
Synthetic_division	Polynomial
Scalar_multiplication	Mathematics
Matrix_(mathematics)	Scalar_multiplication
Triangle	Geometry
Fundamental_theorem_of_algebra	Calculus
Vector_field	Image_(mathematics)
Natural_logarithm	Real_number
Real_number	E_(mathematical_constant)
Sine_wave	Geometry
Vector_field	Determinant
System_of_linear_equations	Equality_(mathematics)
Summation	Number
Pythagorean_theorem	Circle
Quadratic_formula	Integer
Inverse_function	Piecewise
Distributive_property	Integer
Polynomial_long_division	Integer
Binomial_theorem	Multiplication
Addition	Union_(set_theory)
Plane_(geometry)	Mathematics
Mereology	Mathematics
Trigonometric_tables	Mathematics
Polar_coordinate_system	Geometry
Displacement_(vector)	Line_(geometry)
Law_of_sines	Line_(geometry)
Quadratic_equation	Equality_(mathematics)
Rational_root_theorem	Equation
Equation_solving	Quadratic_equation
Common_logarithm	Exponential_growth
Quadratic_equation	Polynomial
Division_(mathematics)	Integer
Coordinate_system	Number
Analytic_geometry	Line_(geometry)
Plane_curve	Geometry
Summation	Mathematics
Spherical_law_of_cosines	Trigonometry
Partial_fraction_decomposition	Arithmetic
Polygon	Spherical_law_of_cosines
Displacement_(vector)	Amplitude
Number	Set_(mathematics)
Summation	Addition
Square_(algebra)	Square_matrix
Natural_number	Complex_number
Nth_root	Number
Function_(mathematics)	Exponentiation
Ellipse	Geometry
Function_(mathematics)	Square_root
Function_(mathematics)	Natural_number
Quadratic_function	Square_root
System_of_linear_equations	Real_number
Interval_(mathematics)	Polynomial
Domain_of_a_function	Function_composition
Coordinate_system	Mathematics
Slope	Mathematics
Asymptote	Mathematics
Rational_number	Number
Vertical_line_test	Linear_equation
Product_topology	Multiplication
Transformation_(function)	Function_composition
Elementary_matrix	Identity_matrix
Empty_set	Function_(mathematics)
Analytic_geometry	Quadratic_equation
Sine	Even_and_odd_functions
Inequality_(mathematics)	Number
Polynomial_long_division	Prime_number
Domain_of_a_function	Inverse_trigonometric_functions
Nth_root	Base_(exponentiation)
Distance	Pythagorean_theorem
Sum	Mathematics
Binary_logarithm	Integer
Real_number	Equation_solving
Associative_property	Union_(set_theory)
Natural_logarithm	Complex_number
Addition	Arithmetic
Mathematics	Vector_field
Domain_of_a_function	Mathematics
Function_(mathematics)	Logarithm
Monotonic_function	Function_(mathematics)
Trigonometric_functions	Law_of_sines
Right_triangle	Line_segment
Sum	Addition
Nth_root	Addition
Transformation_(function)	Mathematics
Real_number	Set_(mathematics)
Chord_(geometry)	Mathematics
Equation_solving	Logarithm
Slope	Graph_of_a_function
Derivative	Vector_field
Graph_of_a_function	Polynomial_long_division
Empty_set	Set_(mathematics)
Fundamental_theorem_of_algebra	Equation
Real_number	Range_(mathematics)
Slope	Polynomial
Rational_number	Addition
Slope	Exponential_function
Inequality_(mathematics)	Mathematics
Multiplicative_inverse	Exponentiation
Integer	Multiplication
Derivative	Secant_line
Inequality_(mathematics)	Addition
Degree_of_a_polynomial	Number
Invertible_matrix	Matrix_(mathematics)
System_of_linear_equations	Equation
Polynomial	Integer
Floor_and_ceiling_functions	Mathematics
Plane_curve	Curve
Nth_root	Polynomial
Law_of_sines	Mathematics
Multiplicative_inverse	Inverse_trigonometric_functions
Unit_circle	Exponentiation
Descartes'_rule_of_signs	Mathematics
Real_number	Linear_equation
Multiplicative_inverse	E_(mathematical_constant)
Exponential_function	Number
Quadratic_equation	Equation
Rational_number	Polynomial
Analytic_geometry	Mathematics
Negative_number	Number
Multiplicative_inverse	Logarithm
Descartes'_rule_of_signs	Addition
Subtraction	Multiplication
Inequality_(mathematics)	Equality_(mathematics)
Sine	Rational_number
Ellipse	Curve
Real_line	Line_(geometry)
Triangle	Line_segment
Degree_of_a_polynomial	Mathematics
Piecewise	Function_(mathematics)
Binary_logarithm	Prime_number
Quadratic_function	Function_(mathematics)
Domain_of_a_function	Function_(mathematics)
Curve	Geometry
Conic_section	Circle
Imaginary_number	Exponentiation
Equation_solving	Function_(mathematics)
Degree_of_a_polynomial	Addition
Circular_motion	Line_(geometry)
Trigonometry	Geometry
Quadratic_equation	Complex_number
Complex_number	Exponentiation
Sine	Integer
Change_of_variables	Inverse_function
Rational_root_theorem	Integer
Focus_(geometry)	Line_segment
Exponentiation	Square_root
Complex_number	Square_root
Domain_of_a_function	Open_set
Natural_logarithm	Exponential_growth
Analytic_geometry	Distance
Nth_root	Real_number
Factorization	Number
Position_(vector)	Vector_(mathematics_and_physics)
Descartes'_rule_of_signs	Polynomial
Analytic_geometry	Equality_(mathematics)
Line–line_intersection	Point_(geometry)
Domain_of_a_function	Real_number
Analytic_geometry	Graph_of_a_function
Function_(mathematics)	Set_(mathematics)
Even_and_odd_functions	Amplitude
Rational_number	Open_set
Graph_of_a_function	Range_(mathematics)
Equation_solving	Set_(mathematics)
Domain_of_a_function	Constant_function
Work_(physics)	Semi-major_axis
Degree_of_a_polynomial	Polynomial
Cartesian_coordinate_system	Perpendicular
Eccentricity_(mathematics)	Line_(geometry)
Degree_of_a_polynomial	Exponential_function
Linear_inequality	Multiplication
Quadratic_formula	Quadratic_equation
Inequality_(mathematics)	Real_number
Polynomial_long_division	Quadratic_equation
Binomial	Number
Multiplicative_inverse	Function_(mathematics)
Analytic_geometry	Linear_function
Degree_(angle)	Angle
Identity_matrix	Square_matrix
Secant_line	Line_(geometry)
Absolute_value	Number
Dependent_and_independent_variables	Mathematics
Matrix_multiplication	Multiplication
Simple_harmonic_motion	Force
Real_number	Division_(mathematics)
Graph_of_a_function	Linear_equation
System_of_linear_equations	Geometry
Binomial_coefficient	Floor_and_ceiling_functions
Nth_root	Rationalisation_(mathematics)
Addition	Scalar_multiplication
Algebraic_expression	Associative_property
Edge	Line_(geometry)
Domain_of_a_function	Vertical_line_test
Calculus	Binomial
Closed_set	Open_set
Real_line	Number
Binomial_coefficient	Integer
Set_(mathematics)	Complex_number
Closed_set	Real_number
Real_number	Commutative_property
Change_of_variables	Force
Common_logarithm	Natural_logarithm
Solution_of_triangles	Trigonometry
Analytic_geometry	Real_number
Equation_solving	Linear_equation
Function_(mathematics)	Equation
Binomial	Mathematics
Square_root	Mathematics
Circle	Coordinate_system
Real_number	Mathematical_induction
Division_by_zero	Mathematics
Cartesian_coordinate_system	Exponentiation
Inequality_(mathematics)	Interval_(mathematics)
Domain_of_a_function	Equation
Real_number	Vector_field
Cartesian_coordinate_system	Square_root
Ellipse	Rotation_of_axes
Natural_logarithm	Arithmetic
Binomial	Addition
Equation_solving	Equation
Change_of_variables	Linear_equation
Synthetic_division	Integer
Geometry	Square_root
Geometry	Natural_number
Set-builder_notation	Natural_number
Line_segment	Mathematics
Real_number	Negative_number
Scientific_notation	Logarithm
Scientific_notation	Addition
Right_triangle	Angle
Plane_(geometry)	Geometry
Identity_matrix	Main_diagonal
Trigonometric_tables	Geometry
Mathematical_proof	Parity_(mathematics)
Nth_root	Complex_number
Division_(mathematics)	Natural_number
Exponential_growth	Mathematics
Polygon	Line_segment
Empty_set	Union_(set_theory)
Inverse_trigonometric_functions	Square_root
Fundamental_theorem_of_algebra	Algebra
Domain_of_a_function	Complex_number
Closed_set	Interval_(mathematics)
Cross_product	Arithmetic
Polynomial_long_division	Mathematics
Identity_matrix	Multiplication
Exponential_growth	Logarithm
Analytic_geometry	Interval_(mathematics)
Conic_section	Cone
Partial_fraction_decomposition	Multiplication
Cartesian_coordinate_system	Angle
Algebraic_expression	Degree_of_a_polynomial
Binomial	Polynomial
Nth_root	Unit_circle
Dependent_and_independent_variables	Function_(mathematics)
Right_triangle	Point_(geometry)
Polynomial_long_division	Addition
Inverse_function	Minor_(linear_algebra)
Real_number	Sine
Fundamental_theorem_of_algebra	Arithmetic
Inequality_(mathematics)	Complex_number
Scientific_notation	Exponential_function
Analytic_geometry	Equation
Common_logarithm	Exponentiation
Common_logarithm	Square_root
E_(mathematical_constant)	Set_(mathematics)
Logarithm	Mathematics
Addition	Number
Algebraic_operation	Algebra
Complex_number	Range_(mathematics)
Rotation_of_axes	Number
Rotation_of_axes	Hyperbola
Graph_of_a_function	Real_line
Base_(exponentiation)	Arithmetic
Coordinate_system	Geometry
Exponential_growth	Exponential_function
Slope	Geometry
Asymptote	Geometry
Function_(mathematics)	Commutative_property
Sine_wave	Mathematics
Polynomial_long_division	Polynomial
Binary_logarithm	Exponentiation
Range_(mathematics)	Mathematics
Product_topology	Product_(mathematics)
Triangle	Angle
Square_root	Nth_root
Secant_line	Mathematics
Division_(mathematics)	Parity_(mathematics)
Conic_section	Plane_curve
Image_(mathematics)	Mathematics
Cone	Circle
Slope	Secant_line
Square_root	Real_number
Base_(exponentiation)	Scientific_notation
Asymptote	Secant_line
Inequality_(mathematics)	Subtraction
Scalar_multiplication	Arithmetic
Edge	Mathematics
Complex_number	Linear_equation
Exponential_growth	Function_(mathematics)
Vector_space	Vector_(mathematics_and_physics)
Multiplication	Arithmetic
Algebraic_expression	Number
Rotation_of_axes	Mathematics
Binomial_theorem	Binomial
Main_diagonal	Determinant
Triangle	Point_(geometry)
Linear_inequality	Inequality_(mathematics)
Parallel_(geometry)	Line_(geometry)
Pythagorean_theorem	Mathematics
Extended_real_number_line	Number
Matrix_multiplication	Minor_(linear_algebra)
Chord_(geometry)	Geometry
Logarithm	Exponential_function
Circle	Focus_(geometry)
Circle	Line_(geometry)
Continuous_function	Mathematics
Set_(mathematics)	Integer
Binary_logarithm	Logarithm
Equation	Perpendicular
Elementary_matrix	Scalar_multiplication
Semi-major_axis	Line_segment
Inverse_trigonometric_functions	Inverse_function
Real_number	Scientific_notation
Arithmetic_mean	Mathematics
Real_number	Coordinate_system
Polygon	Circular_sector
Sine	Quadratic_equation
Linear_equation	Number
Vector_(mathematics_and_physics)	Matrix_multiplication
Perpendicular	Circle
Operation_(mathematics)	Mathematics
Graph_of_a_function	Sine
Trigonometric_functions	Trigonometry
Algebraic_expression	Mathematics
Distributive_property	Set_(mathematics)
Matrix_ring	Arithmetic
Basis_(linear_algebra)	Algebra
Square_root	Rationalisation_(mathematics)
Law_of_sines	Geometry
Set-builder_notation	Set_(mathematics)
Algebraic_expression	Addition
Linear_function	Mathematics
Conic_section	Focus_(geometry)
Real_number	Quadratic_formula
Euclidean_vector	Vector_(mathematics_and_physics)
Conic_section	Line_(geometry)
Polynomial	Mathematics
Dot_product	Arithmetic
Nth_root	Integer
Closed_set	Geometry
Analytic_geometry	Geometry
Binary_number	Number
Elementary_matrix	Square_matrix
Polynomial	Addition
Image_(mathematics)	Function_(mathematics)
Hyperbola	Semi-major_axis
Rational_number	Integer
Vertical_line_test	Line_(geometry)
Inverse_trigonometric_functions	Range_(mathematics)
Real_number	Maxima_and_minima
Identity_matrix	Minor_(linear_algebra)
Asymptote	Curve
Natural_number	Exponentiation
Natural_number	Square_root
Cartesian_coordinate_system	Linear_equation
Trigonometric_substitution	Trigonometry
Inequality_(mathematics)	Integer
Algebraic_expression	Polynomial
Binary_logarithm	Function_(mathematics)
Vector_field	Scalar_multiplication
Open_set	Union_(set_theory)
Constant_function	Mathematics
Area	Circular_sector
Quadratic_formula	Equation
Equation	Mathematics
Linear_function	Polynomial
Multiplicative_inverse	Sine
Sine	Mathematics
Equation	Addition
Geometric_series	Series_(mathematics)
Chord_(geometry)	Curve
Real_number	Binomial_coefficient
Sine	Logarithm
Geometry	Geometric_progression
Natural_logarithm	Exponentiation
Division_(mathematics)	Equation
Natural_logarithm	Square_root
Spherical_law_of_cosines	Trigonometric_functions
Natural_number	Multiplication
Elementary_matrix	Main_diagonal
Linear_function	Function_(mathematics)
Spherical_law_of_cosines	Mathematics
Rational_root_theorem	Polynomial_long_division
Degree_of_a_polynomial	Integer
Zero_of_a_function	Domain_of_a_function
Displacement_(vector)	Semi-major_axis
Equation	Equality_(mathematics)
Elementary_matrix	Multiplication
Right_triangle	Triangle
Calculus	Base_(exponentiation)
Commutative_property	Function_composition
Semi-minor_axis	Semi-major_axis
Calculus	Mathematics
Natural_logarithm	E_(mathematical_constant)
Change_of_variables	Coordinate_system
Descartes'_rule_of_signs	Arithmetic
Sine	Exponential_function
Common_logarithm	Binary_logarithm
Partial_fraction_decomposition	Division_(mathematics)
Multiplicative_inverse	Arithmetic
Polynomial_long_division	Rational_function
Series_(mathematics)	Calculus
Natural_logarithm	Multiplication
Linear_function	Constant_function
Equation	Linear_function
Binomial_coefficient	Mathematics
Constant_function	Function_(mathematics)
Polynomial	Constant_function
Solution_of_triangles	Polygon
Conic_section	Mathematics
Pythagorean_theorem	Equation
Equality_(mathematics)	Mathematics
Binomial_coefficient	Addition
Work_(physics)	Limit_(mathematics)
Floor_and_ceiling_functions	Prime_number
Commutative_property	Addition
Line_segment	Geometry
Cross_product	Multiplication
Distance	Geometry
Product_(mathematics)	Number
Force	Amplitude
Geometry	Euclidean_vector
Quadratic_equation	Exponentiation
Division_(mathematics)	Commutative_property
Circular_motion	Geometry
Quadratic_equation	Square_root
Pythagorean_theorem	Complex_number
Base_(exponentiation)	Number
Parametric_equation	Mathematics
Synthetic_division	Multiplication
Vector_(mathematics_and_physics)	Determinant
Cylinder_(geometry)	Mathematics
Fundamental_theorem_of_algebra	Multiplication
Mathematics	Force
Solution_of_triangles	Line_(geometry)
Synthetic_division	Polynomial_long_division
Exponentiation	Arithmetic
Distributive_property	Union_(set_theory)
Limit_of_a_sequence	Floor_and_ceiling_functions
Pythagorean_theorem	Unit_circle
Binomial	Integer
Number	Parity_(mathematics)
Scalar_(mathematics)	Vector_(mathematics_and_physics)
Homogeneous_polynomial	Mathematics
Real_number	Zero_of_a_function
Base_(exponentiation)	Multiplication
Division_(mathematics)	Negative_number
Vertical_line_test	Graph_of_a_function
Binomial_theorem	Number
Real_number	Number
Cone	Line_(geometry)
Interval_(mathematics)	Function_composition
Vector_(mathematics_and_physics)	Real_number
Coordinate_system	Perpendicular
Homogeneous_polynomial	Addition
Slope	Perpendicular
Real_number	Descartes'_rule_of_signs
Square_root	Algebra
Complex_number	Coordinate_system
Cartesian_coordinate_system	Sine
E_(mathematical_constant)	Scientific_notation
Parametric_equation	Equality_(mathematics)
Subtraction	Associative_property
Radius	Line_(geometry)
Geometric_series	Mathematics
Secant_line	Geometry
Scalar_multiplication	Multiplication
Simultaneous_equations	Number
Real_number	Multiplication
Minor_(linear_algebra)	Determinant
Nth_root	Quadratic_equation
Interval_(mathematics)	Mathematics
Edge	Geometry
Empty_set	Multiplication
Binomial_theorem	Mathematics
Inverse_element	Sign_(mathematics)
Set_(mathematics)	Exponentiation
Inverse_trigonometric_functions	Sine
Distributive_property	Algebraic_expression
Rotation_of_axes	Geometry
Set_(mathematics)	Square_root
Simple_harmonic_motion	Amplitude
Homogeneous_polynomial	Polynomial
Pythagorean_theorem	Geometry
Perpendicular	Line_(geometry)
Binomial_theorem	Addition
Commutative_property	Set_(mathematics)
Rational_number	Quadratic_equation
Quadrant_(plane_geometry)	Coordinate_system
Algebraic_equation	Number
Vertical_line_test	Asymptote
Set_(mathematics)	Transformation_(function)
Rational_function	Partial_fraction_decomposition
Equation	Complex_number
Division_(mathematics)	Algebraic_expression
Sine_wave	Sine
Product_topology	Number
Exponential_growth	Arithmetic
Multiplicative_inverse	Natural_logarithm
Quadratic_formula	Arithmetic
Sine	Complex_number
Polynomial_long_division	Arithmetic
Geometric_series	Calculus
Coordinate_system	Transformation_(function)
Equation	Unit_circle
Nth_root	Exponentiation
Calculus	Work_(physics)
Dot_product	Multiplication
Sine	Unit_circle
Binomial_theorem	Polynomial
Domain_of_a_function	Square_root
Graph_of_a_function	Zero_of_a_function
Origin_(mathematics)	Geometry
Calculus	Vector_(mathematics_and_physics)
Vector_field	Force
Division_(mathematics)	Arithmetic
Cartesian_coordinate_system	Coordinate_system
Empty_sum	Arithmetic
Cone	Hyperbola
Slope	Logarithm
Analytic_geometry	Perpendicular
Rational_number	Square_root
Product_topology	Mathematics
Logarithm	Arithmetic
Solution_of_triangles	Mathematics
Degree_of_a_polynomial	Quadratic_equation
Division_(mathematics)	Scientific_notation
Eccentricity_(mathematics)	Cone
Square_(algebra)	Number
Formula	Mathematics
Empty_set	Equation_solving
Sine_wave	Curve
Nth_root	Logarithm
Integer	Number
Right_angle	Mathematics
Elementary_matrix	Division_(mathematics)
Function_(mathematics)	Multiplication
Secant_line	Curve
Common_logarithm	Arithmetic
Cone	Mathematics
Interval_(mathematics)	Open_set
Negative_number	Quadratic_equation
Algebraic_expression	Integer
System_of_linear_equations	Linear_equation
Commutative_property	Complex_number
Identity_(mathematics)	Trigonometric_functions
Focus_(geometry)	Semi-major_axis
Sine	Geometry
Radius	Mathematics
Real_number	Cross_product
Parametric_equation	Equation
Identity_(mathematics)	Mathematics
Interval_(mathematics)	Set_(mathematics)
Subtraction	Number
Right_triangle	Polygon
Square_(algebra)	Mathematics
Binary_logarithm	Arithmetic
Pythagorean_trigonometric_identity	Trigonometry
Area	Geometric_series
Real_number	Partial_fraction_decomposition
Identity_(mathematics)	Logarithm
Multiplicative_inverse	Zero_of_a_function
Quadratic_equation	Linear_equation
Degree_of_a_polynomial	Exponentiation
Degree_of_a_polynomial	Square_root
Chord_(geometry)	Point_(geometry)
Slope	Linear_function
Polar_coordinate_system	Coordinate_system
Arithmetic_mean	Arithmetic
Integer	Addition
Inverse_trigonometric_functions	Pythagorean_theorem
Differential_equation	Number
Natural_number	Union_(set_theory)
Spherical_law_of_cosines	Geometry
Matrix_multiplication	Matrix_(mathematics)
Perpendicular	Mathematics
Imaginary_number	Square_matrix
Law_of_sines	Angle
Orientation_(geometry)	Plane_(geometry)
Vector_(mathematics_and_physics)	Geometry
Descartes'_rule_of_signs	Multiplication
Subtraction	Mathematics
Identity_(mathematics)	Equality_(mathematics)
Multiplicative_inverse	Multiplication
List_of_mathematical_symbols	Mathematics
Analytic_geometry	Angle
Nth_root	Function_(mathematics)
Transformation_(function)	Determinant
Inverse_function	Mathematics
Degree_of_a_polynomial	Logarithm
Subtraction	Addition
Right_triangle	Line_(geometry)
Identity_(mathematics)	Exponential_function
Polynomial	Arithmetic
Synthetic_division	Division_(mathematics)
Transformation_(function)	Function_(mathematics)
Exponential_function	Base_(exponentiation)
Line–line_intersection	Mathematics
Exponential_function	Mathematics
Matrix_(mathematics)	Linear_function
Slope	Constant_function
Cartesian_coordinate_system	Domain_of_a_function
Linear_inequality	Number
Domain_of_a_function	Equation_solving
Imaginary_number	Number
Triangle	Polygon
Inequality_(mathematics)	Function_(mathematics)
Conic_section	Geometry
Binomial	Monomial
Addition	Associative_property
Negative_number	Addition
Orientation_(geometry)	Mathematics
Complex_number	Number
Matrix_multiplication	Number
Rational_number	Real_number
E_(mathematical_constant)	Number
Subtraction	Polynomial
Cross_product	Product_(mathematics)
Identity_matrix	Matrix_(mathematics)
Domain_of_a_function	Range_(mathematics)
Interval_(mathematics)	Complex_number
Rational_number	Set_(mathematics)
Quadratic_equation	Quadratic_function
Linear_inequality	Mathematics
Slope	Linear_equation
Algebra	Equality
Rational_root_theorem	Arithmetic
Factorization	Mathematics
Exponentiation	Multiplication
Complex_number	Multiplication
Cylinder_(geometry)	Geometry
Geometry	Length
Multiplication	Division_(mathematics)
Linear_inequality	Addition
Degree_of_a_polynomial	Linear_function
Triangle	Line_(geometry)
Empty_set	Quadratic_function
Limit_(mathematics)	Mathematics
Scientific_notation	Exponentiation
Sine	Pythagorean_trigonometric_identity
Real_number	Even_and_odd_functions
Main_diagonal	Square_matrix
Expression_(mathematics)	Mathematics
Pythagorean_theorem	Law_of_sines
Focus_(geometry)	Line_(geometry)
Exponential_function	Function_(mathematics)
Closed_set	Set_(mathematics)
Linear_inequality	Equality_(mathematics)
Even_and_odd_functions	Function_composition
Exponential_growth	Exponentiation
Limit_of_a_sequence	Mathematics
Natural_logarithm	Logistic_function
Partial_fraction_decomposition	Number
Rational_number	Equation
Binary_logarithm	Natural_logarithm
Trigonometric_substitution	Trigonometric_functions
Integer	Interval_(mathematics)
Cartesian_coordinate_system	Number
Degree_of_a_polynomial	Constant_function
Real_line	Mathematics
Trigonometric_substitution	Mathematics
Plane_curve	Line_(geometry)
Inequality_(mathematics)	Equation
Natural_logarithm	Scientific_notation
Geometry	Zero_of_a_function
Binomial_coefficient	Arithmetic
Even_and_odd_functions	Mathematics
Geometry	Hyperbola
Pythagorean_theorem	Perpendicular
Logarithm	Exponentiation
Circular_motion	Mathematics
Circular_sector	Circle
Even_and_odd_functions	Addition
Factorization	Synthetic_division
Rational_number	Complex_number
Linear_equation	Line_(geometry)
Empty_sum	Number
Interval_(mathematics)	Secant_line
Ellipse	Focus_(geometry)
Partial_fraction_decomposition	Mathematics
Exponential_growth	Multiplication
Analytic_geometry	Linear_equation
Homogeneous_polynomial	Integer
Scientific_notation	Parity_(mathematics)
Quadratic_formula	Multiplication
Distributive_property	Multiplication
Synthetic_division	Arithmetic
Polynomial_long_division	Multiplication
Line_segment	Point_(geometry)
Rectangle	Mathematics
Spherical_law_of_cosines	Line_segment
Partial_fraction_decomposition	Addition
Circular_sector	Degree_(angle)
Multiplicative_inverse	Inequality_(mathematics)
Cone	Area
Graph_of_a_function	Quadratic_function
Identity_(mathematics)	Complex_number
Parity_(mathematics)	Prime_number
Existential_quantification	Universal_quantification
Vector_field	Coordinate_system
Degree_of_a_polynomial	Equation
Eccentricity_(mathematics)	Mathematics
Graph_of_a_function	Even_and_odd_functions
Real_number	Floor_and_ceiling_functions
Dot_product	Product_(mathematics)
Common_logarithm	Number
Logarithm	Multiplication
Pythagorean_theorem	Square_root
Focus_(geometry)	Hyperbola
Binomial_theorem	Integer
Monomial	Polynomial
Slope	Negative_number
Partial_fraction_decomposition	Polynomial
Angle	Mathematics
Solution_of_triangles	Geometry
Plane_curve	Plane_(geometry)
Subtraction	Complex_number
Addition	Mathematics
Absolute_value	Real_number
Distance	Function_(mathematics)
Quadratic_function	Circle
Limit_of_a_sequence	Real_number
Polygon	Line_(geometry)
Even_and_odd_functions	Function_(mathematics)
Common_logarithm	Multiplication
Addition	Logarithm
Right_angle	Geometry
Real_line	Open_set
Algebraic_expression	Exponentiation
Algebraic_expression	Square_root
Integer	Subtraction
Spherical_law_of_cosines	Law_of_sines
Cone	Geometry
Real_line	Real_number
Focus_(geometry)	Mathematics
Binomial_coefficient	Binomial_theorem
Multiplicative_inverse	Division_(mathematics)
Distance	Real_number
Pythagorean_trigonometric_identity	Pythagorean_theorem
Negative_number	Complex_number
Real_line	Set_(mathematics)
Rational_number	Negative_number
Polynomial	Exponentiation
Binary_logarithm	Multiplication
Radius	Geometry
Rotation_(mathematics)	Mathematics
Edge	Point_(geometry)
Distance	Set_(mathematics)
Conic_section	Rotation_of_axes
Elementary_matrix	Matrix_multiplication
Cylinder_(geometry)	Line_segment
Even_and_odd_functions	Symmetry
Inequality_(mathematics)	Negative_number
Even_and_odd_functions	Constant_function
Limit_of_a_function	Mathematics
Extended_real_number_line	Mathematics
Addition	Exponential_function
Summation	Arithmetic
Origin_(mathematics)	Mathematics
Parallel_(geometry)	Perpendicular
Elementary_matrix	Matrix_(mathematics)
Monomial	Partial_fraction_decomposition
Perpendicular	Geometry
Range_(mathematics)	Function_(mathematics)
Factorization	Complex_number
Real_line	Interval_(mathematics)
Linear_equation	Mathematics
Equation_solving	Rational_number
Inverse_function	Injective_function
Nth_root	Algebraic_expression
Polynomial	Multiplication
Sine	Exponentiation
Scientific_notation	Binary_logarithm
Algebra	Number
Unit_circle	Circle
Mathematical_induction	Mathematical_proof
Rational_number	Algebraic_expression
Vector_field	Line_(geometry)
Line–line_intersection	Geometry
Continuous_function	Function_(mathematics)
Rational_root_theorem	Number
Law_of_sines	Sine
Natural_number	Number
Linear_function	Calculus
Sum	Arithmetic
Rational_root_theorem	Descartes'_rule_of_signs
Linear_equation	Equality_(mathematics)
Inequality_(mathematics)	Algebra
Orientation_(geometry)	Geometry
Real_number	Associative_property
Multiplication	Associative_property
Image_(mathematics)	Range_(mathematics)
Injective_function	Mathematics
Algebra	Mathematics
Simple_harmonic_motion	Semi-major_axis
Equation	Multiplication
Multiplicative_inverse	Rational_number
Synthetic_division	Degree_of_a_polynomial
Limit_of_a_function	Limit_(mathematics)
Matrix_(mathematics)	Fundamental_theorem_of_algebra
Limit_of_a_function	Function_(mathematics)
Zero_(complex_analysis)	Number
System_of_linear_equations	Line_(geometry)
Vector_field	Matrix_(mathematics)
Rational_root_theorem	Multiplication
Real_number	Scalar_(mathematics)
Polygon	Mathematics
Circle	Transformation_(function)
Parallel_(geometry)	Mathematics
Division_by_zero	Division_(mathematics)
Right_triangle	Right_angle
Natural_logarithm	Number
Circle	Mathematics
Inverse_trigonometric_functions	Trigonometry
Extended_real_number_line	Real_number
Minor_(linear_algebra)	Square_matrix
Periodic_function	Floor_and_ceiling_functions
Real_number	Line_(geometry)
Analytic_geometry	Slope
Maxima_and_minima	Piecewise
Circle	Addition
Geometry	Geometric_series
Elementary_matrix	Addition
Zero_of_a_function	Degree_of_a_polynomial
Cross_product	Number
Function_(mathematics)	Pythagorean_theorem
Distributive_property	Division_(mathematics)
Sine_wave	Trigonometry
Determinant	Square_matrix
Polynomial_long_division	Division_(mathematics)
Parity_(mathematics)	Mathematics
Degree_of_a_polynomial	Arithmetic
Geometry	Area
Natural_number	Polynomial
Rational_function	Mathematics
Synthetic_division	Number
Parity_(mathematics)	Addition
Circular_sector	Line_(geometry)
Transformation_(function)	Line_segment
Chord_(geometry)	Line_segment
E_(mathematical_constant)	Rational_number
Square_matrix	Matrix_(mathematics)
Fundamental_theorem_of_algebra	Number
Binomial_coefficient	Multiplication
Circle	Polynomial
Complex_conjugate	Number
Injective_function	Function_(mathematics)
Analytic_geometry	Coordinate_system
Real_line	Geometry
Trigonometric_substitution	Geometry
Commutative_property	Multiplication
Real_number	Quadratic_equation
Vertical_line_test	Mathematics
Cross_product	Mathematics
Cartesian_coordinate_system	Circle
Rational_root_theorem	Equation_solving
Function_(mathematics)	Associative_property
Pythagorean_theorem	Spherical_law_of_cosines
Right_triangle	Geometry
Division_(mathematics)	Even_and_odd_functions
Algebraic_expression	Equation
System_of_linear_equations	Number
Distance	Negative_number
Square_root	Square_(algebra)
Absolute_value	Sign_(mathematics)
Pythagorean_trigonometric_identity	Trigonometric_functions
Minor_(linear_algebra)	Multiplication
Partial_fraction_decomposition	Factorization
Law_of_sines	Line_segment
Matrix_ring	Matrix_(mathematics)
Fundamental_theorem_of_algebra	Mathematics
Pythagorean_trigonometric_identity	Mathematics
Algebraic_operation	Number
Quadratic_equation	Number
Rectangle	Geometry
Semi-minor_axis	Line_segment
Mathematical_proof	Floor_and_ceiling_functions
Scalar_multiplication	Number
Linear_equation	Equation
Fundamental_theorem_of_algebra	Addition
Product_(mathematics)	Mathematics
Analytic_geometry	Pythagorean_theorem
Factorization	Arithmetic
Multiplication	Number
Parity_(mathematics)	Determinant
Calculus	Displacement_(vector)
Real_number	Function_composition
Base_(exponentiation)	Mathematics
Eccentricity_(mathematics)	Geometry
Empty_set	Number
Parity_(mathematics)	Limit_(mathematics)
